Num_Ordre;Num_COTISANT;RAISON_SOCIALE;LIBELLE;MODE_DE_PAIEMENT;DATE_DE_PAIEMENT;PERIODE;Masse_Salariale_Trimestrielle;Principal;Penalite_Taxation;Penalite_Majoration;Montant_Paye
1;090-1403896-R;AMEDO SERVICES;ENCAISSEMENT DES COTISATIONS;ESPECES;01/10/2024;3T 2024;1085135;200750;0;0;200750
2;009-0200360-D;SALON DE COIFFURE ROYAL ;ENCAISSEMENT DES COTISATIONS;ESPECES;01/10/2024;3T 2024;875135;161900;0;0;161900
3;001-0170822-Q;ENTREPOT SAFARI;ENCAISSEMENT OAC 37e TRAITE;TRAITE;01/10/2024;3T 2024;1175676;217500;0;0;217500
4;009-0212536-L;MANOLEIYA CHEZ HORTY;ENCAISSEMENT DES COTISATIONS;ESPECES;01/10/2024;3T 2024;875135;161900;0;0;161900
5;009-0204645-Y;AUBERGE LE RETOUR;ENCAISSEMENT DES COTISATIONS + PENALITES;ESPECES;03/10/2024;1T 2024;875135;161900;5328;9324;176552
6;009-0204645-Y;AUBERGE LE RETOUR;ENCAISSEMENT DES COTISATIONS + PENALITES;ESPECES;03/10/2024;2T 2024;875135;161900;2664;7992;172556
7;009-0204645-Y;AUBERGE LE RETOUR;ENCAISSEMENT DES COTISATIONS;ESPECES;03/10/2024;3T 2024;875135;161900;0;0;161900
8;009-0211654-N;MERCERIE DU WOLEU;ENCAISSEMENT DES COTISATIONS;ESPECES;03/10/2024;3T 2024;875135;161900;0;0;161900
9;009-0205960-N;MIBONE MI GNANGA YE BITAM;ENCAISSEMENT DES COTISATIONS + PENALITES;ESPECES;03/10/2024;2T 2024;875135;161900;2664;0;164564
10;001-0178706-R;STATION SERVICE OIL LIBYA MITZIC ;ENCAISSEMENT DES COTISATIONS;ESPECES;07/10/2024;3T 2024;2525135;467150;0;0;467150
11;001-0178141-Z;STATION SERVICE OLA ENRGY OYEM ;ENCAISSEMENT DES COTISATIONS;ESPECES;07/10/2024;3T 2024;3155135;583700;0;0;583700
12;014-0207504-X;JIN HE MINING;ENCAISSEMENT DES COTISATIONS;ESPECES;08/10/2024;3T 2024;14151681;2618061;0;0;2618061
13;001-0179192-R;HUA PENG BOIS ;ENCAISSEMENT DES COTISATIONS;ESPECES;08/10/2024;3T 2024;9495135;1756600;0;0;1756600
14;001-0176704-E;PRESTI DELICE;ENCAISSEMENT DES COTISATIONS;ESPECES;08/10/2024;3T 2024;1115135;206300;0;0;206300
15;001-0170883-K;SOGA LIVRE PLUS OYEM;ENCAISSEMENT DES COTISATIONS;ESPECES;09/10/2024;3T 2024;1355135;250700;0;0;250700
16;001-0170239-Z;COMPLEXE SCOLAIRE LA GRACE;ENCAISSEMENT DES COTISATIONS;ESPECES;09/10/2024;3T 2024;6075135;1123900;0;0;1123900
17;001-0173710-Y;SHENG YANG INTERNATIONAL BOIS DU GABON ;ENCAISSEMENT DES COTISATIONS;ESPECES;10/10/2024;4T 2018-3T 2020;13209935;2443838;0;0;2443838
18;001-0174571-H;BENEDICTA HOTELS ;ENCAISSEMENT DES COTISATIONS;ESPECES;10/10/2024;3T 2024;9332459;1726505;0;0;1726505
19;001-0173649-R;SåURS SALESIENNES DE DON BOSCO ;ENCAISSEMENT DES COTISATIONS;ESPECES;11/10/2024;3T 2024;1530578;283157;0;0;283157
20;001-0026108-H;TALLONE SåUR VILMO;ENCAISSEMENT DES COTISATIONS;ESPECES;11/10/2024;3T 2024;670270;124000;0;0;124000
21;009-0195489-U;CHRO ;ENCAISSEMENT DES COTISATIONS;VIREMENT;14/10/2024;3T 2024;14672886;2714484;0;0;2714484
22;015-0201074-P;POLYCLINIQUE CARTHAGE D'OYEM;ENCAISSEMENT DES COTISATIONS;ESPECES;15/10/2024;3T 2024;17616735;3259096;0;0;3259096
23;001-0023594-P;BEAC OYEM;ENCAISSEMENT DES COTISATIONS;VIREMENT;15/10/2024;3T 2024;89946314;16640068;0;0;16640068
24;001-0189383-Y;SOCIETE BAO LI INTERNATIONALE DU GABON;ENCAISSEMENT DES COTISATIONS;ESPECES;15/10/2024;3T 2024;15335135;2837000;0;0;2837000
25;009-0201093-I;SOGEV;ENCAISSEMENT DES COTISATIONS;ESPECES;16/10/2024;3T 2024;5915135;1094300;0;0;1094300
26;014-0206812-H;LE PERCEPTEUR ;ENCAISSEMENT DES COTISATIONS;ESPECES;16/10/2024;3T 2024;1115135;206300;0;0;206300
27;009-0202513-Y;AGNOSS;ENCAISSEMENT DES COTISATIONS;ESPECES;16/10/2024;3T 2024;875135;161900;0;0;161900
28;009-0197715-K;MAINTENANCE PLUS ;ENCAISSEMENT DES COTISATIONS;ESPECES;16/10/2024;3T 2024;1235135;228500;0;0;228500
29;001-0179617-L;HOTEL NGUE ;ENCAISSEMENT DES COTISATIONS;ESPECES;16/10/2024;3T 2024;1085135;200750;0;0;200750
30;009-0204582-N;FOF SERVICES PLUS ;ENCAISSEMENT DES COTISATIONS;ESPECES;17/10/2024;3T 2024;875135;161900;0;0;161900
31;090-1400234-L;CICA SARL ;ENCAISSEMENT DES COTISATIONS;VIREMENT;18/10/2024;3T 2024;6977432;1290825;0;0;1290825
32;001-0181024-G;SOCIETE DE CONSTRUCTION ET DE PRESTATION;ENCAISSEMENT DES COTISATIONS;ESPECES;18/10/2024;3T 2024;9429930;1744537;0;0;1744537
33;009-0204641-U;FOMA CONSTRUCTION;ENCAISSEMENT DES COTISATIONS;ESPECES;18/10/2024;3T 2024;875135;161900;0;0;161900
34;009-0195106-B;QUINCAILLERIE MODERNE D'OYEM;ENCAISSEMENT DES COTISATIONS;ESPECES;18/10/2024;3T 2024;1115135;206300;0;0;206300
35;009-0210377-K;BOULANGERIE BEN IDRISS;ENCAISSEMENT DES COTISATIONS;ESPECES;18/10/2024;3T 2024;2915135;539300;0;0;539300
36;009-0201218-D;OKANO SAT;ENCAISSEMENT DES COTISATIONS;ESPECES;18/10/2024;3T 2024;935135;173000;0;0;173000
37;009-0185720-B;K.M.T.H entreprise;ENCAISSEMENT DES COTISATIONS;ESPECES;18/10/2024;3T 2024;875135;161900;0;0;161900
38;009-0197887-A;NABADJI DISTRIBUTION;ENCAISSEMENT DES COTISATIONS;ESPECES;21/10/2024;3T 2024;2606059;482121;0;0;482121
39;001-0179618-X;HOTEL ADA EYA DE MITZIC;ENCAISSEMENT DES COTISATIONS;ESPECES;21/10/2024;3T 2024;1780135;329325;0;0;329325
40;009-0189342-J;DEPOT PHARMACEUTIQUE CRAM ;ENCAISSEMENT DES COTISATIONS;ESPECES;22/10/2024;3T 2024;2030135;375575;0;0;375575
41;090-1400689-Z;ENTREPRISE NGUEMA ET FAMILLE;ENCAISSEMENT DES COTISATIONS;ESPECES;22/10/2024;3T 2024;1175135;217400;0;0;217400
42;001-0050478-P;PHARMACIE PASCALE MAGALIE;ENCAISSEMENT DES COTISATIONS;ESPECES;22/10/2024;3T 2024;7080659;1309922;0;0;1309922
43;001-0170259-T;DEPOT PHARMACEUTIQUE ADA;ENCAISSEMENT DES COTISATIONS;CHEQUES;23/10/2024;3T 2024;7596378;1405330;0;0;1405330
44;009-0205600-R;DEPOT DE CIMENT DU CENTRE;ENCAISSEMENT DES COTISATIONS;ESPECES;23/10/2024;3T 2024;875135;161900;0;0;161900
45;009-0212682-B;ETABLISSEMENT LE SARHE ;ENCAISSEMENT DES COTISATIONS;ESPECES;23/10/2024;3T 2024;875135;161900;0;0;161900
46;009-0187371-O;STATION TOTAL OYEM;ENCAISSEMENT DES COTISATIONS;ESPECES;23/10/2024;3T 2024;1595135;295100;0;0;295100
47;001-0080053-M;MAIRIE D'OYEM;ENCAISSEMENT DES COTISATIONS;VIREMENT;24/10/2024;3T 2024;38044405;7038215;0;0;7038215
48;001-0181024-G;SOCIETE DE CONSTRUCTION ET DE PRESTATION;ENCAISSEMENT DES COTISATIONS + PENALITES;ESPECES;24/10/2024;1T 2024;985589;182334;0;0;182334
49;001-0181024-G;SOCIETE DE CONSTRUCTION ET DE PRESTATION;ENCAISSEMENT DES COTISATIONS;ESPECES;24/10/2024;3T 2024;1986200;367447;0;0;367447
50;001-0181024-G;SOCIETE DE CONSTRUCTION ET DE PRESTATION;ENCAISSEMENT DES COTISATIONS + PENALITES;ESPECES;24/10/2024;2T 2023;2156919;399030;0;0;399030
51;001-0181024-G;SOCIETE DE CONSTRUCTION ET DE PRESTATION;ENCAISSEMENT DES COTISATIONS + PENALITES;ESPECES;24/10/2024;1T 2023;1003108;185575;0;0;185575
52;001-0181024-G;SOCIETE DE CONSTRUCTION ET DE PRESTATION;ENCAISSEMENT DES COTISATIONS + PENALITES;ESPECES;24/10/2024;4T 2023;1284762;237681;0;0;237681
53;009-0188653-W;HOTEL MARGUERITE;ENCAISSEMENT DES COTISATIONS;ESPECES;24/10/2024;3T 2024;10945416;2024902;0;0;2024902
54;090-1404910-P;ACHWO AKWO JOSEPH;ENCAISSEMENT DES COTISATIONS;ESPECES;25/10/2024;3T 2024;875135;161900;0;0;161900
55;009-0204637-Q;ETABLISSEMENT KEITA ;ENCAISSEMENT DES COTISATIONS;ESPECES;25/10/2024;3T 2024;875135;161900;0;0;161900
56;009-0190752-P;ESCALE WOLEU-NTEM;ENCAISSEMENT DES COTISATIONS;ESPECES;25/10/2024;3T 2024;1835135;339500;0;0;339500
57;018-0218341-S;ENTREPRISE FORESTIERE BON SAMARITAIN;ENCAISSEMENT DES COTISATIONS;ESPECES;28/10/2024;3T 2024;995135;184100;0;0;184100
58;090-1405658-X;ETABLISSEMENT HOUSMAN;ENCAISSEMENT DES COTISATIONS;ESPECES;28/10/2024;3T 2024;875135;161900;0;0;161900
59;090-1406328-Z;IDRISS TRANSPORT;ENCAISSEMENT DES COTISATIONS;ESPECES;28/10/2024;3T 2024;1085135;200750;0;0;200750
60;090-1405217-M;BIKASSE NOUVELLE ALLIANCE(BNA);ENCAISSEMENT DES COTISATIONS;ESPECES;28/10/2024;3T 2024;875135;161900;0;0;161900
61;090-1402593-A;GRACE SERVICE ;ENCAISSEMENT DES COTISATIONS;ESPECES;28/10/2024;3T 2024;875135;161900;0;0;161900
62;009-0186841-E;SOCIETE KELAI INTERNATIONAL DU BOIS DU GABON OYEM;ENCAISSEMENT DES COTISATIONS;ESPECES;28/10/2024;3T 2024;14345135;2653850;0;0;2653850
63;001-0173710-Y;SHENG YANG INTERNATIONAL BOIS DU GABON ;ENCAISSEMENT DES COTISATIONS;ESPECES;28/10/2024;3T 2024;24391865;4512495;0;0;4512495
64;001-0179616-A;MOTEL DES VOYAGEURS;ENCAISSEMENT DES COTISATIONS;ESPECES;28/10/2024;3T 2024;2225135;411650;0;0;411650
65;009-0183969-S;SUPERETTE MC DONALD;ENCAISSEMENT DES COTISATIONS;ESPECES;28/10/2024;3T 2024;1355135;250700;0;0;250700
66;090-1402927-K;EXAUCE BTO SERVICES ;ENCAISSEMENT DES COTISATIONS;ESPECES;28/10/2024;3T 2024;875135;161900;0;0;161900
67;001-0170822-Q;ENTREPOT SAFARI;ENCAISSEMENT DES COTISATIONS;ESPECES;30/10/2024;3T 2024;2435135;450500;0;0;450500
68;001-0170822-Q;ENTREPOT SAFARI;ENCAISSEMENT OAC 38e TRAITE;TRAITE;30/10/2024;3T 2024;1175676;217500;0;0;217500
69;009-0209293-S;SUPERETTE SALEM;ENCAISSEMENT DES COTISATIONS;ESPECES;30/10/2024;3T 2024;1115135;206300;0;0;206300
70;009-0209293-S;SUPERETTE SALEM;ENCAISSEMENT ESD 4e TRAITE;TRAITE;30/10/2024;3T 2024;1175676;217500;0;0;217500
71;009-0185892-R;RESIDENCE HOTELIERE FRAVE;ENCAISSEMENT DES COTISATIONS;ESPECES;30/10/2024;3T 2024;3080135;569825;0;0;569825
73;009-0205747-I;IKAPI SERVICES;ENCAISSEMENT DES COTISATIONS;ESPECES;31/10/2024;3T 2024;875135;161900;0;0;161900
74;009-0195105-A;FRAICHEUR D'OYEM;ENCAISSEMENT DES COTISATIONS;ESPECES;31/10/2024;3T 2024;875135;161900;0;0;161900
75;009-0201426-D;LABORATOIRE APPOLINAIRE ESSONO ONDO;ENCAISSEMENT DES COTISATIONS;ESPECES;31/10/2024;3T 2024;1400135;259025;0;0;259025
76;009-0201425-C;CLINIQUE MARIE THERESE NFOUMOU;ENCAISSEMENT DES COTISATIONS;ESPECES;31/10/2024;3T 2024;2015135;372800;0;0;372800
77;001-0170874-L;NOTRE PHARMACIE BITAM ;ENCAISSEMENT DES COTISATIONS;ESPECES;31/10/2024;3T 2024;875135;161900;0;0;161900
78;090-1400244-W;ALLOGO BISSOU PROSPER;ENCAISSEMENT DES COTISATIONS;ESPECES;31/10/2024;3T 2024;922973;170750;0;0;170750
79;001-0180006-B;GOD IS GOOD;ENCAISSEMENT DES COTISATIONS;VIREMENT;31/10/2024;3T 2024;14942135;2764295;0;0;2764295
80;009-0188860-V;ZUE NKOULOU PRESTATIONS;ENCAISSEMENT DES COTISATIONS;VIREMENT;31/10/2024;3T 2024;14013497;2592497;0;0;2592497
81;090-1401667-Q;WINNER SERVICE SARL GABON;ENCAISSEMENT DES COTISATIONS;VIREMENT;31/10/2024;3T 2024;19373135;3584030;0;0;3584030
82;001-0180935-Y;MERLIN SERVICES;ENCAISSEMENT DES COTISATIONS;VIREMENT;31/10/2024;3T 2024;7173135;1327030;0;0;1327030
83;090-1400755-K;OVONO ET FILS ;ENCAISSEMENT DES COTISATIONS;VIREMENT;31/10/2024;3T 2024;8426297;1558865;0;0;1558865
84;001-0179769-Q;LEBONGO PRESTATIONS;ENCAISSEMENT DES COTISATIONS;VIREMENT;31/10/2024;3T 2024;8386638;1551528;0;0;1551528
85;018-0218956-J;HORIZON COM NOUVEAU ;ENCAISSEMENT DES COTISATIONS;ESPECES;04/11/2024;3T 2024;890135;164675;0;0;164675
86;009-0200875-Y;HOTEL ETOILE DU NORD;ENCAISSEMENT DES COTISATIONS;ESPECES;04/11/2024;3T 2024;875135;161900;0;0;161900
87;009-0196563-C;NOUVELLE VISION;ENCAISSEMENT DES COTISATIONS + PENALITES;ESPECES;04/11/2024;3T 2024;875135;161900;888;6660;169448
88;009-0205683-W;FABICO BOUCHERIE ;ENCAISSEMENT DES COTISATIONS + PENALITES;ESPECES;04/11/2024;3T 2024;875135;161900;888;6660;169448
89;001-0188311-S;PROSPER SARL ;ENCAISSEMENT DES COTISATIONS;ESPECES;04/11/2024;3T 2024;81391924;15057506;0;0;15057506
90;009-0196637-Y;SUPERETTE WOLEU BA ;ENCAISSEMENT DES COTISATIONS + PENALITES;ESPECES;05/11/2024;3T 2024;1115135;206300;1776;0;208076
91;009-0195109-E;ETS SOUABO;ENCAISSEMENT DES COTISATIONS + PENALITES;ESPECES;05/11/2024;3T 2024;875135;161900;888;0;162788
92;009-0204939-G;EPICERIE BOLY;ENCAISSEMENT DES COTISATIONS + PENALITES;ESPECES;05/11/2024;3T 2024;875135;161900;888;0;162788
93;009-0195290-D;SUPERETTE BA ;ENCAISSEMENT DES COTISATIONS + PENALITES;ESPECES;05/11/2024;3T 2024;875135;161900;888;0;162788
94;090-1404412-S;ETOILE DU NORD 2;ENCAISSEMENT DES COTISATIONS + PENALITES;ESPECES;05/11/2024;3T 2024;875135;161900;888;0;162788
95;009-0211557-U;SUPERETTE LE GRENIER ;ENCAISSEMENT DES COTISATIONS + PENALITES;ESPECES;05/11/2024;3T 2024;875135;161900;888;0;162788
96;090-1402769-D;SUPERETTE AKIBA MARKET;ENCAISSEMENT DES COTISATIONS + PENALITES;ESPECES;05/11/2024;3T 2024;1925135;356150;4773;0;360923
97;090-1402769-D;SUPERETTE AKIBA MARKET;ENCAISSEMENT DES COTISATIONS + PENALITES;ESPECES;05/11/2024;3T 2024;1115135;206300;1776;0;208076
98;009-0205685-Y;EST AMADOUYE SANS RIVAL;ENCAISSEMENT DES COTISATIONS + PENALITES;ESPECES;05/11/2024;3T 2024;1115135;206300;1776;0;208076
99;009-0197430-L;SUPERETTE DJAMBO;ENCAISSEMENT DES COTISATIONS + PENALITES;ESPECES;05/11/2024;3T 2024;875135;161900;888;0;162788
100;001-0172572-D;COLLEGE CATHOLIQUE D'ANGONE;ENCAISSEMENT DES COTISATIONS;ESPECES;05/11/2024;3T 2024;2315135;428300;0;0;428300
101;001-0170837-E;PUITS D'AMOUR ;ENCAISSEMENT DES COTISATIONS;ESPECES;05/11/2024;3T 2024;1775135;328400;0;0;328400
102;001-0179642-L;SPA MULTI SERVICES;ENCAISSEMENT DES COTISATIONS + PENALITES;ESPECES;06/11/2024;2T 2024;935135;173000;4440;9990;187430
103;001-0179642-L;SPA MULTI SERVICES;ENCAISSEMENT DES COTISATIONS + PENALITES;ESPECES;06/11/2024;3T 2024;935135;173000;1110;8325;182435
104;090-1403034-R;M.T.J;ENCAISSEMENT DES COTISATIONS + PENALITES;ESPECES;06/11/2024;3T 2024;1085135;200750;1665;12487;214902
105;009-0209198-B;SUPERETTE NOVA MARKET;ENCAISSEMENT DES COTISATIONS + PENALITES;ESPECES;07/11/2024;3T 2024;875135;161900;888;0;162788
106;009-0195624-Z;CABINET MEDICAL LE WOLEU;ENCAISSEMENT DES COTISATIONS + PENALITES;ESPECES;07/11/2024;3T 2024;875135;161900;888;6660;169448
107;001-0179112-N;SOCIETE GABONAISE LIVRE PLUS ;ENCAISSEMENT DES COTISATIONS + PENALITES;ESPECES;13/11/2024;3T 2024;1161638;214903;0;0;214903
108;009-0188653-W;HOTEL MARGUERITE;ENCAISSEMENT ESD 3e TRAITE;ESPECES;18/11/2024;3T 2024;2165676;400650;0;0;400650
109;001-0176355-E;ENTREPRISE DES SERVICES ET DES TRAVAUX BTP;ENCAISSEMENT MORATOIRE 1ere TRAITE;ESPECES;18/11/2024;3T 2024;1168486;216170;0;0;216170
110;001-0176355-E;ENTREPRISE DES SERVICES ET DES TRAVAUX BTP;ENCAISSEMENT DES COTISATIONS + PENALITES;ESPECES;18/11/2024;3T 2024;941135;174110;0;0;174110
111;090-1406147-Q;S.O.S ELECTRICITE FROID ET CLIMATISATION;ENCAISSEMENT DES COTISATIONS + PENALITES;ESPECES;19/11/2024;3T 2024;875135;161900;600;0;162500
112;009-1401302-B;PHARMACIE MATHIS ;ENCAISSEMENT DES COTISATIONS;ESPECES;20/11/2024;3T 2024;3373703;624135;0;0;624135
113;009-1401302-B;PHARMACIE MATHIS ;ENCAISSEMENT DES COTISATIONS;ESPECES;20/11/2024;3T 2024;875135;161900;0;0;161900
114;001-0188311-S;PROSPER SARL ADDITIVE;ENCAISSEMENT DES COTISATIONS + PENALITES;ESPECES;21/11/2024;3T 2024;11720070;2168213;41014;307607;2516834
115;090-1404139-M;MOTEL LE MITZ;ENCAISSEMENT DES COTISATIONS;ESPECES;21/11/2024;3T 2024;2045135;378350;0;0;378350
116;009-0212681-A;MENUISERIE MICHEL ET FILS ;ENCAISSEMENT DES COTISATIONS + PENALITES;ESPECES;22/11/2024;3T 2024;875135;161900;888;6660;169448
117;009-0211306-D;DEPOT PHARMACEUTIQUE SANTE POUR TOUS;ENCAISSEMENT DES COTISATIONS PRINCIPAL;ESPECES;25/11/2024;3T 2024;1175135;217400;0;0;217400
118;001-0170218-T;SOCIETE MEUNIERE AVICOLE DU GABON;ENCAISSEMENT DES COTISATIONS + PENALITES;ESPECES;26/11/2024;3T 2024;1115135;206300;1776;13320;221396
119;001-0175759-A;CHINA FIRST HIGHWAY ENGINEERING COMPANY GABON ;ENCAISSEMENT DES COTISATIONS + PENALITES;CHEQUES;28/11/2024;3T 2024;13988530;2587878;49408;370557;3007843
120;009-0205604-V;ALIMENTATION JEMAL;ENCAISSEMENT DES COTISATIONS PRINCIPAL;ESPECES;29/11/2024;2T 2024;875135;161900;0;0;161900
121;009-0205604-V;ALIMENTATION JEMAL;ENCAISSEMENT DES COTISATIONS + PENALITES;ESPECES;29/11/2024;3T 2024;875135;161900;888;6660;169448
122;001-0170222-N;COMPLEXE MARMOTS;ENCAISSEMENT AVANCE SUR PRINCIPAL ;ESPECES;29/11/2024;2T 2024;3337838;617500;0;0;617500
123;001-0170822-Q;ENTREPOT SAFARI;ENCAISSEMENT OAC 39e TRAITE;TRAITE;29/11/2024;3T 2024;1175676;217500;0;0;217500
124;009-0204158-F;ETABLISSEMENT HABZ;ENCAISSEMENT DES COTISATIONS + PENALITES;ESPECES;09/12/2024;3T 2024;875135;161900;1776;6660;170336
125;009-0205712-Z;ALIMENTATION FATOU MALEM;ENCAISSEMENT DES COTISATIONS + PENALITES;ESPECES;13/12/2024;3T 2024;875135;161900;1776;6660;170336
126;001-0179482-H;SOCIETE NKOU FILS ;ENCAISSEMENT DES COTISATIONS + PENALITES;ESPECES;16/12/2024;3T 2024;1175135;217400;3996;0;221396
127;090-1403032-V;SUPERETTE TRAORE BONS PRIX;ENCAISSEMENT DES COTISATIONS + PENALITES;ESPECES;23/12/2024;3T 2024;875135;161900;1776;6660;170336
128;090-1400812-X;CABINET MEDICAL MONGYADZA;ENCAISSEMENT DES COTISATIONS + PENALITES;ESPECES;26/12/2024;3T 2024;1595135;295100;0;7104;302204
129;009-0197887-A;NABADJI DISTRIBUTION;ENCAISSEMENT DES COTISATIONS;ESPECES;03/01/2025;4T 2024;2715822;502427;0;0;502427
130;009-0211654-N;MERCERIE DU WOLEU;ENCAISSEMENT DES COTISATIONS;ESPECES;06/01/2025;4T 2024;875135;161900;0;0;161900
131;009-0201218-D;OKANO SAT;ENCAISSEMENT DES COTISATIONS;ESPECES;06/01/2025;4T 2024;935135;173000;0;0;173000
132;009-0205604-V;ALIMENTATION JEMAL;ENCAISSEMENT DES COTISATIONS;ESPECES;06/01/2025;4T 2024;918335;169892;0;0;169892
133;009-0205604-V;ALIMENTATION JEMAL;ENCAISSEMENT DES COTISATIONS;ESPECES;07/01/2025;4T 2024;875135;161900;0;0;161900
134;009-0205604-V;ALIMENTATION JEMAL;ENCAISSEMENT DES COTISATIONS;ESPECES;07/01/2025;1T 2024;918335;169892;0;0;169892
135;009-0212682-B;ETABLISSEMENT LE SHARE;ENCAISSEMENT DES COTISATIONS;ESPECES;07/01/2025;4T 2024;875135;161900;0;0;161900
136;009-0205600-R;DEPOT DE CIMENT DU CENTRE;ENCAISSEMENT DES COTISATIONS;ESPECES;07/01/2025;4T 2024;875135;161900;0;0;161900
137;001-0170237-C;MOHAMED AHAMAT;ENCAISSEMENT DES COTISATIONS;ESPECES;07/01/2025;3T 2024;875135;161900;7993;2663;172556
138;001-0170237-C;MOHAMED AHAMAT;ENCAISSEMENT DES COTISATIONS;ESPECES;07/01/2025;4T 2024;875135;161900;0;0;161900
139;001-0170237-C;MOHAMED AHAMAT;ENCAISSEMENT DES COTISATIONS +PENALITES;ESPECES;07/01/2025;2T 2024;875135;161900;9323;5323;176546
140;009-0195624-Z;CABINET MEDICAL LE WOLEU;ENCAISSEMENT DES COTISATIONS;ESPECES;07/01/2025;4T 2024;875135;161900;0;0;161900
141;001-0179112-N;SOCIETE GABONAISE LIVRE PLUS;ENCAISSEMENT DES COTISATIONS;ESPECES;08/01/2025;4T 2024;1085135;200750;0;0;200750
142;009-0205604-V;ALIMENTATION JEMAL;SOLDE SUR PENALITES COT 2T 2024;ESPECES;08/01/2025;2T 2024;3336985;617343;0;13764;631107
143;001-0170883-K;SOGA LIVRE PLUS OYEM;ENCAISSEMENT DES COTISATIONS;ESPECES;09/01/2025;4T 2024;1115135;206300;0;0;206300
144;009-0204641-U;FOMA CONSTRUCTION;ENCAISSEMENT DES COTISATIONS;ESPECES;09/01/2025;4T 2024;875135;161900;0;0;161900
145;090-1406328-Z;IDRISS TRANSPORT;ENCAISSEMENT DES COTISATIONS;ESPECES;09/01/2025;4T 2024;1085135;200750;0;0;200750
146;009-0190307-M;COMPLEXE SCOLAIRE KEBONOU;ENCAISSEMENT DES COTISATIONS;ESPECES;09/01/2025;4T 2024;1355135;250700;0;0;250700
147;009-0190752-P;ESCALE WOLEU-NTEM;ENCAISSEMENT DES COTISATIONS;ESPECES;10/01/2025;4T 2024;1835135;339500;0;0;339500
148;009-0186051-U;HORIZON OPTIQUE OYEM;ENCAISSEMENT DES COTISATIONS;ESPECES;13/01/2025;4T 2024;1160135;214625;0;0;214625
149;009-0186051-U;HORIZON OPTIQUE OYEM;ENCAISSEMENT COTISATION 3T 2024+ AVANCE SUR PEN;ESPECES;13/01/2025;3T 2024;1160135;214625;0;5750;220375
150;009-0204645-Y;AUBERGE LE RETOUR;ENCAISSEMENT DES COTISATIONS;ESPECES;13/01/2025;4T 2024;875135;161900;0;0;161900
151;009-0204645-Y;AUBERGE LE RETOUR;ENCAISSEMENT COT 3T 2023 +PEN;ESPECES;13/01/2025;3T 2023;875135;161900;0;13320;175220
152;009-0204942-J;BOULANGERIE PATISSERIE ABOU HANA;ENCAISSEMENT DES COTISATIONS;ESPECES;14/01/2025;4T 2024;1355135;250700;0;0;250700
153;090-1403537-S;LORISSIA BETTI BASSISSOUAGA;ENCAISSEMENT DES COTISATIONS;ESPECES;14/01/2025;4T 2024;670270;124000;0;0;124000
154;009-0196584-X;COLLEGE DOMINIQUE SAVIO;ENCAISSEMENT DES COTISATIONS;ESPECES;14/01/2025;4T 2024;1385135;256250;0;0;256250
155;009-0212536-L;MANOLEIYA CHEZ  HORTY;ENCAISSEMENT DES COTISATIONS;ESPECES;14/01/2025;4T 2024;875135;161900;0;0;161900
156;001-0179192-R;HUA PENG BOIS;ENCAISSEMENT DES COTISATIONS;ESPECES;14/01/2025;4T 2024;9495135;1756600;0;0;1756600
157;014-0207504-X;JIN HE MINING;ENCAISSEMENT DES COTISATIONS;ESPECES;14/01/2025;4T 2024;7869649;1455885;0;0;1455885
158;001-1406000-A;BASSA SERVICE;ENCAISSEMENT DES COTISATIONS;ESPECES;16/01/2025;4T 2024;932973;172600;0;0;172600
159;001-0176704-E;PRESTI DELICE;ENCAISSEMENT DES COTISATIONS;ESPECES;16/01/2025;4T 2024;1115135;206300;0;0;206300
160;001-0178706-R;STATION SERVICE OIL LIBYA MITZIC;ENCAISSEMENT DES COTISATIONS;ESPECES;16/01/2025;4T 2024;2525135;467150;0;0;467150
161;001-0178141-Z;STATION SERVICE OLA ENERGIE OYEM;ENCAISSEMENT DES COTISATIONS;ESPECES;16/01/2025;4T 2024;3155135;583700;0;0;583700
162;001-0026108-H;TALLONE SåUR VILMO;ENCAISSEMENT DES COTISATIONS;ESPECES;16/01/2025;4T 2024;670270;124000;0;0;124000
163;001-0173649-R;SåURS SALESIENNES DE DON BOSCO;ENCAISSEMENT DES COTISATIONS;ESPECES;16/01/2025;4T 2024;1798389;332702;0;0;332702
164;001-0170222-N;COMPLEXE SCOLAIRE LES MARMOTS;ENCAISSEMENT  AVANCE SUR COTISATION 4T 2024;ESPECES;17/01/2025;4T 2024;2256757;417500;0;0;417500
165;009-0186051-U;HORIZON OPTIQUE OYEM;ENCAISSEMENT PRINCIPAL 1T 2024+AVANCE SUR PEN;ESPECES;17/01/2025;1T 2024;1160135;214625;2875;0;217500
166;014-0206812-H;LE PERCEPTEUR;ENCAISSEMENT DES COTISATIONS;ESPECES;20/01/2025;4T 2024;1355135;250700;0;0;250700
167;001-0179617-L;HOTEL NGUE;ENCAISSEMENT DES COTISATIONS;ESPECES;20/01/2025;4T 2024;1085135;200750;0;0;200750
168;009-0189342-J;DEPOT PHARMACEUTIQUE CRAM;ENCAISSEMENT DES COTISATIONS;ESPECES;21/01/2025;4T 2024;2030135;375575;0;0;375575
169;001-0023594-P;BEAC OYEM;ENCAISSEMENT DES COTISATIONS;VIREMENT;21/01/2025;4T 2024;86325611;15970238;0;0;15970238
170;001-0170259-T;DEPOT PHARMACEUTIQUE ADA;ENCAISSEMENT DES COTISATIONS;CHEQUES;21/01/2025;4T 2024;7679216;1420655;0;0;1420655
171;001-0179618-X;HOTEL ADA EYA DE MITZIC;ENCAISSEMENT DES COTISATIONS;CHEQUES;21/01/2025;4T 2024;1780135;329325;0;0;329325
172;099-5273465-L;BollorÈ Transport & Logistics Gabon;ENCAISSEMENT DES COTISATIONS;ESPECES;15/10/2024;3T 2024;1389908;257133;4491;507;262131
173;099-7257287-R;SETRAG;ENCAISSEMENT DES COTISATIONS;ESPECES;15/10/2024;3T 2024;1209341;223728;4551;4566;232845
174;099-7073818-D;Compagnie MiniËre de líOgoouÈ;ENCAISSEMENT DES COTISATIONS;TRAITE;15/10/2024;3T 2024;907243;167840;226;1402;169468
175;099-6091349-L;HÙpital de Libreville;ENCAISSEMENT DES COTISATIONS;TRAITE;15/10/2024;3T 2024;1196330;221321;3373;3535;228229
176;099-5201742-Q;Gabon TÈlÈcom;ENCAISSEMENT DES COTISATIONS;TRAITE;15/10/2024;3T 2024;939032;173721;3583;3255;180559
177;099-7306415-Y;Air Gabon;ENCAISSEMENT DES COTISATIONS;ESPECES;15/10/2024;3T 2024;1413908;261573;2495;5529;269597
178;099-1402045-Y;Station PetroGabon;ENCAISSEMENT DES COTISATIONS;ESPECES;15/10/2024;3T 2024;1068930;197752;3793;4356;205901
179;099-5392631-R;Compagnie MiniËre de líOgoouÈ;ENCAISSEMENT DES COTISATIONS;ESPECES;15/10/2024;3T 2024;1016957;188137;1178;2004;191319
180;099-4193989-R;Station PetroGabon;ENCAISSEMENT DES COTISATIONS;ESPECES;15/10/2024;3T 2024;1263859;233814;3601;2357;239772
181;099-2873594-L;SOCOBA;ENCAISSEMENT DES COTISATIONS;ESPECES;15/10/2024;3T 2024;1400492;259091;2193;2079;263363
182;099-9635024-L;Station PetroGabon;ENCAISSEMENT DES COTISATIONS;ESPECES;15/10/2024;3T 2024;955108;176695;802;7853;185350
183;099-3262468-R;UBA Gabon;ENCAISSEMENT DES COTISATIONS;ESPECES;15/10/2024;3T 2024;1399816;258966;4695;3981;267642
184;099-3088995-Y;SociÈtÈ des Boissons du Gabon;ENCAISSEMENT DES COTISATIONS;ESPECES;15/10/2024;3T 2024;909049;168174;1991;2460;172625
185;099-1362258-Q;CECAG;ENCAISSEMENT DES COTISATIONS;TRAITE;15/10/2024;3T 2024;1100011;203502;4931;6214;214647
186;099-8519242-D;BollorÈ Transport & Logistics Gabon;ENCAISSEMENT DES COTISATIONS;ESPECES;15/10/2024;3T 2024;1154805;213639;1685;3367;218691
187;099-4486838-Q;Gabon TÈlÈcom;ENCAISSEMENT DES COTISATIONS;ESPECES;15/10/2024;3T 2024;1057216;195585;2548;2973;201106
188;099-6083418-Y;Air Gabon;ENCAISSEMENT DES COTISATIONS;TRAITE;15/10/2024;3T 2024;1039049;192224;1883;114;194221
189;099-7410207-R;Gabon Business Services;ENCAISSEMENT DES COTISATIONS;ESPECES;15/10/2024;3T 2024;1078486;199520;2780;5449;207749
190;099-4449621-R;Econet Wireless Gabon;ENCAISSEMENT DES COTISATIONS;TRAITE;15/10/2024;3T 2024;1042832;192924;3995;5484;202403
191;099-6894507-Q;Gabon Business Services;ENCAISSEMENT DES COTISATIONS;ESPECES;15/10/2024;3T 2024;928714;171812;1745;1087;174644
192;099-4443489-D;Clinique El-Rapha;ENCAISSEMENT DES COTISATIONS;TRAITE;15/10/2024;3T 2024;1433281;265157;499;2513;268169
193;099-3735028-R;SETRAG;ENCAISSEMENT DES COTISATIONS;TRAITE;15/10/2024;3T 2024;1365254;252572;4208;2378;259158
194;099-6436001-Q;Gabon Business Services;ENCAISSEMENT DES COTISATIONS;ESPECES;15/10/2024;3T 2024;1084611;200653;3969;3938;208560
195;099-3657425-R;BollorÈ Transport & Logistics Gabon;ENCAISSEMENT DES COTISATIONS;TRAITE;15/10/2024;3T 2024;1231151;227763;1589;6737;236089
196;099-4604843-D;Station PetroGabon;ENCAISSEMENT DES COTISATIONS;TRAITE;15/10/2024;3T 2024;1325303;245181;2999;1661;249841
197;099-5924544-Q;Gabon TÈlÈcom;ENCAISSEMENT DES COTISATIONS;TRAITE;15/10/2024;3T 2024;921914;170554;1926;1388;173868
198;099-3160023-Y;Air Gabon;ENCAISSEMENT DES COTISATIONS;TRAITE;15/10/2024;3T 2024;936811;173310;4997;4978;183285
199;099-9730056-L;Gabon Shipping Lines;ENCAISSEMENT DES COTISATIONS;TRAITE;15/10/2024;3T 2024;1255638;232293;2369;7746;242408
200;099-5092956-D;SETRAG;ENCAISSEMENT DES COTISATIONS;ESPECES;15/10/2024;3T 2024;1225616;226739;4286;1302;232327
201;099-4810762-D;Gabon TÈlÈcom;ENCAISSEMENT DES COTISATIONS;ESPECES;15/10/2024;3T 2024;1129665;208988;430;6497;215915
202;099-3189970-D;CECAG;ENCAISSEMENT DES COTISATIONS;ESPECES;15/10/2024;3T 2024;1349622;249680;1772;1487;252939
203;099-6108403-D;Gabon Shipping Lines;ENCAISSEMENT DES COTISATIONS;ESPECES;15/10/2024;3T 2024;1325827;245278;1365;3117;249760
204;099-2198770-D;SETRAG;ENCAISSEMENT DES COTISATIONS;ESPECES;15/10/2024;3T 2024;1294643;239509;417;3046;242972
205;099-8440974-D;BollorÈ Transport & Logistics Gabon;ENCAISSEMENT DES COTISATIONS;ESPECES;15/10/2024;3T 2024;1405259;259973;1873;7508;269354
206;099-8396017-Y;Air Gabon;ENCAISSEMENT DES COTISATIONS;ESPECES;15/10/2024;3T 2024;906573;167716;4285;2101;174102
207;099-5192307-R;Econet Wireless Gabon;ENCAISSEMENT DES COTISATIONS;ESPECES;15/10/2024;3T 2024;1253573;231911;4978;5927;242816
208;099-2405790-L;Gabon TÈlÈcom;ENCAISSEMENT DES COTISATIONS;ESPECES;15/10/2024;3T 2024;1049919;194235;4192;2547;200974
209;099-3646501-Q;Gabon Business Services;ENCAISSEMENT DES COTISATIONS;TRAITE;15/10/2024;3T 2024;1430216;264590;1792;402;266784
210;099-7147472-L;Compagnie MiniËre de líOgoouÈ;ENCAISSEMENT DES COTISATIONS;ESPECES;15/10/2024;3T 2024;1269849;234922;4824;1008;240754
211;099-1793884-Y;Compagnie MiniËre de líOgoouÈ;ENCAISSEMENT DES COTISATIONS;ESPECES;15/10/2024;3T 2024;1343968;248634;2680;2215;253529
212;099-3161388-Y;SETRAG;ENCAISSEMENT DES COTISATIONS;ESPECES;15/10/2024;3T 2024;1432795;265067;4576;2651;272294
213;099-8311656-D;Compagnie MiniËre de líOgoouÈ;ENCAISSEMENT DES COTISATIONS;ESPECES;15/10/2024;3T 2024;1202189;222405;4345;582;227332
214;099-4478993-Y;UBA Gabon;ENCAISSEMENT DES COTISATIONS;ESPECES;15/10/2024;3T 2024;946524;175107;1534;4796;181437
215;099-6322464-R;TransíUrb;ENCAISSEMENT DES COTISATIONS;ESPECES;15/10/2024;3T 2024;1199595;221925;390;7918;230233
216;099-9942596-R;Clinique du Littoral;ENCAISSEMENT DES COTISATIONS;ESPECES;15/10/2024;3T 2024;1384946;256215;4550;2585;263350
217;099-8516070-R;Gabon TÈlÈcom;ENCAISSEMENT DES COTISATIONS;TRAITE;15/10/2024;3T 2024;968681;179206;965;6666;186837
218;099-8301353-Y;Clinique El-Rapha;ENCAISSEMENT DES COTISATIONS;ESPECES;15/10/2024;3T 2024;1235178;228508;646;3371;232525
219;099-8057792-D;CECAG;ENCAISSEMENT DES COTISATIONS;TRAITE;15/10/2024;3T 2024;1111708;205666;4926;1702;212294
220;099-1625868-Q;Gabon Shipping Lines;ENCAISSEMENT DES COTISATIONS;TRAITE;15/10/2024;3T 2024;1027816;190146;4154;7965;202265
221;099-6923099-Y;Gabon Industries;ENCAISSEMENT DES COTISATIONS;ESPECES;15/10/2024;3T 2024;1445038;267332;1356;7418;276106
222;099-8090437-Q;Gabon Royal Services;ENCAISSEMENT DES COTISATIONS;ESPECES;15/10/2024;3T 2024;984838;182195;4355;5563;192113
223;099-7679936-L;Gabon Business Location;ENCAISSEMENT DES COTISATIONS;ESPECES;15/10/2024;3T 2024;1096027;202765;3153;5818;211736
224;099-8390769-Q;Bet 241;ENCAISSEMENT DES COTISATIONS;TRAITE;15/10/2024;3T 2024;1305054;241435;4611;5516;251562
225;099-3493482-L;AGASSA;ENCAISSEMENT DES COTISATIONS;ESPECES;15/10/2024;3T 2024;1141005;211086;3032;7798;221916
226;099-7140100-R;CNNI;ENCAISSEMENT DES COTISATIONS;TRAITE;15/10/2024;3T 2024;1322465;244656;987;5487;251130
227;099-3329671-D;SociÈtÈ Gabonaise de Navigation;ENCAISSEMENT DES COTISATIONS;TRAITE;15/10/2024;3T 2024;1353778;250449;2518;432;253399
228;099-9359313-L;CIMENTERIE du Gabon;ENCAISSEMENT DES COTISATIONS;ESPECES;15/10/2024;3T 2024;1292000;239020;670;6413;246103
229;099-4293292-D;SOBRAGA;ENCAISSEMENT DES COTISATIONS;ESPECES;15/10/2024;3T 2024;1197741;221582;1607;3395;226584
230;099-4267803-Y;Fly Gabon;ENCAISSEMENT DES COTISATIONS;TRAITE;15/10/2024;3T 2024;1094081;202405;2289;4688;209382
231;099-7135536-L;SOGAM Equipe;ENCAISSEMENT DES COTISATIONS;ESPECES;15/10/2024;3T 2024;1279870;236776;3604;3486;243866
232;099-1142258-D;SOGEC;ENCAISSEMENT DES COTISATIONS;ESPECES;15/10/2024;3T 2024;1437957;266022;3741;1254;271017
233;099-5189440-Q;Gabon Wood Industries;ENCAISSEMENT DES COTISATIONS;TRAITE;15/10/2024;3T 2024;1260319;233159;4795;7102;245056
234;099-1178792-R;Gabon Business Services;ENCAISSEMENT DES COTISATIONS;TRAITE;15/10/2024;3T 2024;974768;180332;3801;5433;189566
235;099-2591449-Y;UBA Gabon;ENCAISSEMENT DES COTISATIONS;ESPECES;15/10/2024;3T 2024;1214222;224631;137;4964;229732
236;099-7795366-L;CIMAF GABON;ENCAISSEMENT DES COTISATIONS;TRAITE;15/10/2024;3T 2024;1107973;204975;3528;1245;209748
237;099-5446403-Q;Consulting GABON;ENCAISSEMENT DES COTISATIONS;ESPECES;15/10/2024;3T 2024;1052865;194780;3524;4509;202813
238;099-5306151-D;Trans'GA;ENCAISSEMENT DES COTISATIONS;TRAITE;15/10/2024;3T 2024;1385659;256347;216;4228;260791
239;099-6369929-Y;SETRAG;ENCAISSEMENT DES COTISATIONS;TRAITE;15/10/2024;3T 2024;1026930;189982;474;5376;195832
240;099-8856735-D;OLAM GABON;ENCAISSEMENT DES COTISATIONS;ESPECES;15/10/2024;3T 2024;1327303;245551;2730;4311;252592
241;099-2378334-Y;Station PetroGabon;ENCAISSEMENT DES COTISATIONS;ESPECES;15/10/2024;3T 2024;909173;168197;2492;1342;172031
242;099-5946489-D;Mercerie du Gabon;ENCAISSEMENT DES COTISATIONS;TRAITE;15/10/2024;3T 2024;1229405;227440;2056;127;229623
243;099-9191442-Q;Air Gabon;ENCAISSEMENT DES COTISATIONS;TRAITE;15/10/2024;3T 2024;1025859;189784;1261;195;191240
244;099-6292861-D;CECAG;ENCAISSEMENT DES COTISATIONS;ESPECES;15/10/2024;3T 2024;1275308;235932;4645;1781;242358
245;099-5858560-Y;SNBG;ENCAISSEMENT DES COTISATIONS;ESPECES;15/10/2024;3T 2024;1123962;207933;424;1306;209663
246;099-4586319-L;SociÈtÈ Gabonaise de Brasserie;ENCAISSEMENT DES COTISATIONS;TRAITE;15/10/2024;3T 2024;1375254;254422;2718;7498;264638
247;099-3209403-L;BollorÈ Transport & Logistics Gabon;ENCAISSEMENT DES COTISATIONS;ESPECES;15/10/2024;3T 2024;1354897;250656;3293;1720;255669
248;099-2520784-Y;Econet Wireless Gabon;ENCAISSEMENT DES COTISATIONS;TRAITE;15/10/2024;3T 2024;1185395;219298;3785;2759;225842
249;099-8376810-D;SEEG;ENCAISSEMENT DES COTISATIONS;ESPECES;15/10/2024;3T 2024;1383643;255974;1191;6376;263541
250;099-2675373-D;SOGEA GABON;ENCAISSEMENT DES COTISATIONS;ESPECES;15/10/2024;3T 2024;1073643;198624;4465;3996;207085
251;099-6782727-L;SociÈtÈ des Boissons du Gabon;ENCAISSEMENT DES COTISATIONS;TRAITE;15/10/2024;3T 2024;1250778;231394;608;1560;233562
252;099-5926667-Q;SODICO;ENCAISSEMENT DES COTISATIONS;TRAITE;15/10/2024;3T 2024;928422;171758;1262;266;173286
253;099-2432526-Q;SociÈtÈ Gabonaise de Transit;ENCAISSEMENT DES COTISATIONS;TRAITE;15/10/2024;3T 2024;1240135;229425;404;2442;232271
254;099-2122542-Q;Minoterie du Gabon;ENCAISSEMENT DES COTISATIONS;TRAITE;15/10/2024;3T 2024;918497;169922;1570;6223;177715
255;099-8862444-L;Compagnie MiniËre de Libreville;ENCAISSEMENT DES COTISATIONS;ESPECES;15/10/2024;3T 2024;1382032;255676;3508;116;259300
256;099-7187127-Y;Gabon Business Services;ENCAISSEMENT DES COTISATIONS;TRAITE;15/10/2024;3T 2024;1112546;205821;1391;285;207497
257;099-2397853-Q;Gabon Store;ENCAISSEMENT DES COTISATIONS;TRAITE;15/10/2024;3T 2024;1358162;251260;3087;5320;259667
258;099-4571042-Q;HÙpital de Owendo;ENCAISSEMENT DES COTISATIONS;TRAITE;15/10/2024;3T 2024;976746;180698;3483;5138;189319
259;099-6028757-Y;SOGATOL;ENCAISSEMENT DES COTISATIONS;TRAITE;15/10/2024;3T 2024;1268649;234700;4429;6396;245525
260;099-5778143-D;Airtel Gabon;ENCAISSEMENT DES COTISATIONS;ESPECES;15/10/2024;3T 2024;1045832;193479;4284;2507;200270
261;099-8862976-Y;SGS;ENCAISSEMENT DES COTISATIONS;TRAITE;15/10/2024;3T 2024;1313243;242950;3188;7618;253756
262;099-2779565-Y;SociÈtÈ Gabonaise de Transport;ENCAISSEMENT DES COTISATIONS;ESPECES;15/10/2024;3T 2024;1154622;213605;4111;4233;221949
263;099-4038846-D;Gabon MECA;ENCAISSEMENT DES COTISATIONS;TRAITE;15/10/2024;3T 2024;1270216;234990;133;5296;240419
264;099-2819242-D;HÙpital de Libreville;ENCAISSEMENT DES COTISATIONS;ESPECES;15/10/2024;3T 2024;1382189;255705;1747;2608;260060
265;099-7291305-R;Compagnie MiniËre de líOgoouÈ;ENCAISSEMENT DES COTISATIONS;TRAITE;15/10/2024;3T 2024;1373632;254122;671;468;255261
266;099-7688434-Y;Gabon TÈlÈcom;ENCAISSEMENT DES COTISATIONS;TRAITE;15/10/2024;3T 2024;909049;168174;2542;540;171256
267;099-5673180-L;SOCOBA;ENCAISSEMENT DES COTISATIONS;TRAITE;15/10/2024;3T 2024;986541;182510;1222;6042;189774
268;099-4717531-R;Gabon Wood Industries;ENCAISSEMENT DES COTISATIONS;ESPECES;15/10/2024;3T 2024;1244222;230181;1795;1670;233646
269;099-1486106-D;Gabon Shipping Lines;ENCAISSEMENT DES COTISATIONS;ESPECES;15/10/2024;3T 2024;1228865;227340;3407;3004;233751
270;099-3534750-D;Station PetroGabon;ENCAISSEMENT DES COTISATIONS;TRAITE;15/10/2024;3T 2024;1273059;235516;2968;5372;243856
271;099-6689209-L;TransíUrb;ENCAISSEMENT DES COTISATIONS;TRAITE;15/10/2024;3T 2024;1382108;255690;4482;1984;262156
1;090-1403896-R;AMEDO SERVICES;ENCAISSEMENT DES COTISATIONS;ESPECES;01/10/2023;3T 2023;1085135;200750;0;0;200750
2;009-0200360-D;SALON DE COIFFURE ROYAL ;ENCAISSEMENT DES COTISATIONS;ESPECES;01/10/2023;3T 2023;875135;161900;0;0;161900
3;001-0170822-Q;ENTREPOT SAFARI;ENCAISSEMENT OAC 37e TRAITE;TRAITE;01/10/2023;3T 2023;1175676;217500;0;0;217500
4;009-0212536-L;MANOLEIYA CHEZ HORTY;ENCAISSEMENT DES COTISATIONS;ESPECES;01/10/2023;3T 2023;875135;161900;0;0;161900
5;009-0204645-Y;AUBERGE LE RETOUR;ENCAISSEMENT DES COTISATIONS + PENALITES;ESPECES;03/10/2023;1T 2023;875135;161900;5328;9324;176552
6;009-0204645-Y;AUBERGE LE RETOUR;ENCAISSEMENT DES COTISATIONS + PENALITES;ESPECES;03/10/2023;2T 2023;875135;161900;2664;7992;172556
7;009-0204645-Y;AUBERGE LE RETOUR;ENCAISSEMENT DES COTISATIONS;ESPECES;03/10/2023;3T 2023;875135;161900;0;0;161900
8;009-0211654-N;MERCERIE DU WOLEU;ENCAISSEMENT DES COTISATIONS;ESPECES;03/10/2023;3T 2023;875135;161900;0;0;161900
9;009-0205960-N;MIBONE MI GNANGA YE BITAM;ENCAISSEMENT DES COTISATIONS + PENALITES;ESPECES;03/10/2023;2T 2023;875135;161900;2664;0;164564
10;001-0178706-R;STATION SERVICE OIL LIBYA MITZIC ;ENCAISSEMENT DES COTISATIONS;ESPECES;07/10/2023;3T 2023;2525135;467150;0;0;467150
11;001-0178141-Z;STATION SERVICE OLA ENRGY OYEM ;ENCAISSEMENT DES COTISATIONS;ESPECES;07/10/2023;3T 2023;3155135;583700;0;0;583700
12;014-0207504-X;JIN HE MINING;ENCAISSEMENT DES COTISATIONS;ESPECES;08/10/2023;3T 2023;14151681;2618061;0;0;2618061
13;001-0179192-R;HUA PENG BOIS ;ENCAISSEMENT DES COTISATIONS;ESPECES;08/10/2023;3T 2023;9495135;1756600;0;0;1756600
14;001-0176704-E;PRESTI DELICE;ENCAISSEMENT DES COTISATIONS;ESPECES;08/10/2023;3T 2023;1115135;206300;0;0;206300
15;001-0170883-K;SOGA LIVRE PLUS OYEM;ENCAISSEMENT DES COTISATIONS;ESPECES;09/10/2023;3T 2023;1355135;250700;0;0;250700
16;001-0170239-Z;COMPLEXE SCOLAIRE LA GRACE;ENCAISSEMENT DES COTISATIONS;ESPECES;09/10/2023;3T 2023;6075135;1123900;0;0;1123900
17;001-0173710-Y;SHENG YANG INTERNATIONAL BOIS DU GABON ;ENCAISSEMENT DES COTISATIONS;ESPECES;10/10/2023;4T 2018-3T 2020;13209935;2443838;0;0;2443838
18;001-0174571-H;BENEDICTA HOTELS ;ENCAISSEMENT DES COTISATIONS;ESPECES;10/10/2023;3T 2023;9332459;1726505;0;0;1726505
19;001-0173649-R;SåURS SALESIENNES DE DON BOSCO ;ENCAISSEMENT DES COTISATIONS;ESPECES;11/10/2023;3T 2023;1530578;283157;0;0;283157
20;001-0026108-H;TALLONE SåUR VILMO;ENCAISSEMENT DES COTISATIONS;ESPECES;11/10/2023;3T 2023;670270;124000;0;0;124000
21;009-0195489-U;CHRO ;ENCAISSEMENT DES COTISATIONS;VIREMENT;14/10/2023;3T 2023;14672886;2714484;0;0;2714484
22;015-0201074-P;POLYCLINIQUE CARTHAGE D'OYEM;ENCAISSEMENT DES COTISATIONS;ESPECES;15/10/2023;3T 2023;17616735;3259096;0;0;3259096
23;001-0023594-P;BEAC OYEM;ENCAISSEMENT DES COTISATIONS;VIREMENT;15/10/2023;3T 2023;89946314;16640068;0;0;16640068
24;001-0189383-Y;SOCIETE BAO LI INTERNATIONALE DU GABON;ENCAISSEMENT DES COTISATIONS;ESPECES;15/10/2023;3T 2023;15335135;2837000;0;0;2837000
25;009-0201093-I;SOGEV;ENCAISSEMENT DES COTISATIONS;ESPECES;16/10/2023;3T 2023;5915135;1094300;0;0;1094300
26;014-0206812-H;LE PERCEPTEUR ;ENCAISSEMENT DES COTISATIONS;ESPECES;16/10/2023;3T 2023;1115135;206300;0;0;206300
27;009-0202513-Y;AGNOSS;ENCAISSEMENT DES COTISATIONS;ESPECES;16/10/2023;3T 2023;875135;161900;0;0;161900
28;009-0197715-K;MAINTENANCE PLUS ;ENCAISSEMENT DES COTISATIONS;ESPECES;16/10/2023;3T 2023;1235135;228500;0;0;228500
29;001-0179617-L;HOTEL NGUE ;ENCAISSEMENT DES COTISATIONS;ESPECES;16/10/2023;3T 2023;1085135;200750;0;0;200750
30;009-0204582-N;FOF SERVICES PLUS ;ENCAISSEMENT DES COTISATIONS;ESPECES;17/10/2023;3T 2023;875135;161900;0;0;161900
31;090-1400234-L;CICA SARL ;ENCAISSEMENT DES COTISATIONS;VIREMENT;18/10/2023;3T 2023;6977432;1290825;0;0;1290825
32;001-0181024-G;SOCIETE DE CONSTRUCTION ET DE PRESTATION;ENCAISSEMENT DES COTISATIONS;ESPECES;18/10/2023;3T 2023;9429930;1744537;0;0;1744537
33;009-0204641-U;FOMA CONSTRUCTION;ENCAISSEMENT DES COTISATIONS;ESPECES;18/10/2023;3T 2023;875135;161900;0;0;161900
34;009-0195106-B;QUINCAILLERIE MODERNE D'OYEM;ENCAISSEMENT DES COTISATIONS;ESPECES;18/10/2023;3T 2023;1115135;206300;0;0;206300
35;009-0210377-K;BOULANGERIE BEN IDRISS;ENCAISSEMENT DES COTISATIONS;ESPECES;18/10/2023;3T 2023;2915135;539300;0;0;539300
36;009-0201218-D;OKANO SAT;ENCAISSEMENT DES COTISATIONS;ESPECES;18/10/2023;3T 2023;935135;173000;0;0;173000
37;009-0185720-B;K.M.T.H entreprise;ENCAISSEMENT DES COTISATIONS;ESPECES;18/10/2023;3T 2023;875135;161900;0;0;161900
38;009-0197887-A;NABADJI DISTRIBUTION;ENCAISSEMENT DES COTISATIONS;ESPECES;21/10/2023;3T 2023;2606059;482121;0;0;482121
39;001-0179618-X;HOTEL ADA EYA DE MITZIC;ENCAISSEMENT DES COTISATIONS;ESPECES;21/10/2023;3T 2023;1780135;329325;0;0;329325
40;009-0189342-J;DEPOT PHARMACEUTIQUE CRAM ;ENCAISSEMENT DES COTISATIONS;ESPECES;22/10/2023;3T 2023;2030135;375575;0;0;375575
41;090-1400689-Z;ENTREPRISE NGUEMA ET FAMILLE;ENCAISSEMENT DES COTISATIONS;ESPECES;22/10/2023;3T 2023;1175135;217400;0;0;217400
42;001-0050478-P;PHARMACIE PASCALE MAGALIE;ENCAISSEMENT DES COTISATIONS;ESPECES;22/10/2023;3T 2023;7080659;1309922;0;0;1309922
43;001-0170259-T;DEPOT PHARMACEUTIQUE ADA;ENCAISSEMENT DES COTISATIONS;CHEQUES;23/10/2023;3T 2023;7596378;1405330;0;0;1405330
44;009-0205600-R;DEPOT DE CIMENT DU CENTRE;ENCAISSEMENT DES COTISATIONS;ESPECES;23/10/2023;3T 2023;875135;161900;0;0;161900
45;009-0212682-B;ETABLISSEMENT LE SARHE ;ENCAISSEMENT DES COTISATIONS;ESPECES;23/10/2023;3T 2023;875135;161900;0;0;161900
46;009-0187371-O;STATION TOTAL OYEM;ENCAISSEMENT DES COTISATIONS;ESPECES;23/10/2023;3T 2023;1595135;295100;0;0;295100
47;001-0080053-M;MAIRIE D'OYEM;ENCAISSEMENT DES COTISATIONS;VIREMENT;24/10/2023;3T 2023;38044405;7038215;0;0;7038215
48;001-0181024-G;SOCIETE DE CONSTRUCTION ET DE PRESTATION;ENCAISSEMENT DES COTISATIONS + PENALITES;ESPECES;24/10/2023;1T 2023;985589;182334;0;0;182334
49;001-0181024-G;SOCIETE DE CONSTRUCTION ET DE PRESTATION;ENCAISSEMENT DES COTISATIONS;ESPECES;24/10/2023;3T 2023;1986200;367447;0;0;367447
50;001-0181024-G;SOCIETE DE CONSTRUCTION ET DE PRESTATION;ENCAISSEMENT DES COTISATIONS + PENALITES;ESPECES;24/10/2023;2T 2023;2156919;399030;0;0;399030
51;001-0181024-G;SOCIETE DE CONSTRUCTION ET DE PRESTATION;ENCAISSEMENT DES COTISATIONS + PENALITES;ESPECES;24/10/2023;1T 2023;1003108;185575;0;0;185575
52;001-0181024-G;SOCIETE DE CONSTRUCTION ET DE PRESTATION;ENCAISSEMENT DES COTISATIONS + PENALITES;ESPECES;24/10/2023;4T 2023;1284762;237681;0;0;237681
53;009-0188653-W;HOTEL MARGUERITE;ENCAISSEMENT DES COTISATIONS;ESPECES;24/10/2023;3T 2023;10945416;2024902;0;0;2024902
54;090-1404910-P;ACHWO AKWO JOSEPH;ENCAISSEMENT DES COTISATIONS;ESPECES;25/10/2023;3T 2023;875135;161900;0;0;161900
55;009-0204637-Q;ETABLISSEMENT KEITA ;ENCAISSEMENT DES COTISATIONS;ESPECES;25/10/2023;3T 2023;875135;161900;0;0;161900
56;009-0190752-P;ESCALE WOLEU-NTEM;ENCAISSEMENT DES COTISATIONS;ESPECES;25/10/2023;3T 2023;1835135;339500;0;0;339500
57;018-0218341-S;ENTREPRISE FORESTIERE BON SAMARITAIN;ENCAISSEMENT DES COTISATIONS;ESPECES;28/10/2023;3T 2023;995135;184100;0;0;184100
58;090-1405658-X;ETABLISSEMENT HOUSMAN;ENCAISSEMENT DES COTISATIONS;ESPECES;28/10/2023;3T 2023;875135;161900;0;0;161900
59;090-1406328-Z;IDRISS TRANSPORT;ENCAISSEMENT DES COTISATIONS;ESPECES;28/10/2023;3T 2023;1085135;200750;0;0;200750
60;090-1405217-M;BIKASSE NOUVELLE ALLIANCE(BNA);ENCAISSEMENT DES COTISATIONS;ESPECES;28/10/2023;3T 2023;875135;161900;0;0;161900
61;090-1402593-A;GRACE SERVICE ;ENCAISSEMENT DES COTISATIONS;ESPECES;28/10/2023;3T 2023;875135;161900;0;0;161900
62;009-0186841-E;SOCIETE KELAI INTERNATIONAL DU BOIS DU GABON OYEM;ENCAISSEMENT DES COTISATIONS;ESPECES;28/10/2023;3T 2023;14345135;2653850;0;0;2653850
63;001-0173710-Y;SHENG YANG INTERNATIONAL BOIS DU GABON ;ENCAISSEMENT DES COTISATIONS;ESPECES;28/10/2023;3T 2023;24391865;4512495;0;0;4512495
64;001-0179616-A;MOTEL DES VOYAGEURS;ENCAISSEMENT DES COTISATIONS;ESPECES;28/10/2023;3T 2023;2225135;411650;0;0;411650
65;009-0183969-S;SUPERETTE MC DONALD;ENCAISSEMENT DES COTISATIONS;ESPECES;28/10/2023;3T 2023;1355135;250700;0;0;250700
66;090-1402927-K;EXAUCE BTO SERVICES ;ENCAISSEMENT DES COTISATIONS;ESPECES;28/10/2023;3T 2023;875135;161900;0;0;161900
67;001-0170822-Q;ENTREPOT SAFARI;ENCAISSEMENT DES COTISATIONS;ESPECES;30/10/2023;3T 2023;2435135;450500;0;0;450500
68;001-0170822-Q;ENTREPOT SAFARI;ENCAISSEMENT OAC 38e TRAITE;TRAITE;30/10/2023;3T 2023;1175676;217500;0;0;217500
69;009-0209293-S;SUPERETTE SALEM;ENCAISSEMENT DES COTISATIONS;ESPECES;30/10/2023;3T 2023;1115135;206300;0;0;206300
70;009-0209293-S;SUPERETTE SALEM;ENCAISSEMENT ESD 4e TRAITE;TRAITE;30/10/2023;3T 2023;1175676;217500;0;0;217500
71;009-0185892-R;RESIDENCE HOTELIERE FRAVE;ENCAISSEMENT DES COTISATIONS;ESPECES;30/10/2023;3T 2023;3080135;569825;0;0;569825
73;009-0205747-I;IKAPI SERVICES;ENCAISSEMENT DES COTISATIONS;ESPECES;31/10/2023;3T 2023;875135;161900;0;0;161900
74;009-0195105-A;FRAICHEUR D'OYEM;ENCAISSEMENT DES COTISATIONS;ESPECES;31/10/2023;3T 2023;875135;161900;0;0;161900
75;009-0201426-D;LABORATOIRE APPOLINAIRE ESSONO ONDO;ENCAISSEMENT DES COTISATIONS;ESPECES;31/10/2023;3T 2023;1400135;259025;0;0;259025
76;009-0201425-C;CLINIQUE MARIE THERESE NFOUMOU;ENCAISSEMENT DES COTISATIONS;ESPECES;31/10/2023;3T 2023;2015135;372800;0;0;372800
77;001-0170874-L;NOTRE PHARMACIE BITAM ;ENCAISSEMENT DES COTISATIONS;ESPECES;31/10/2023;3T 2023;875135;161900;0;0;161900
78;090-1400244-W;ALLOGO BISSOU PROSPER;ENCAISSEMENT DES COTISATIONS;ESPECES;31/10/2023;3T 2023;922973;170750;0;0;170750
79;001-0180006-B;GOD IS GOOD;ENCAISSEMENT DES COTISATIONS;VIREMENT;31/10/2023;3T 2023;14942135;2764295;0;0;2764295
80;009-0188860-V;ZUE NKOULOU PRESTATIONS;ENCAISSEMENT DES COTISATIONS;VIREMENT;31/10/2023;3T 2023;14013497;2592497;0;0;2592497
81;090-1401667-Q;WINNER SERVICE SARL GABON;ENCAISSEMENT DES COTISATIONS;VIREMENT;31/10/2023;3T 2023;19373135;3584030;0;0;3584030
82;001-0180935-Y;MERLIN SERVICES;ENCAISSEMENT DES COTISATIONS;VIREMENT;31/10/2023;3T 2023;7173135;1327030;0;0;1327030
83;090-1400755-K;OVONO ET FILS ;ENCAISSEMENT DES COTISATIONS;VIREMENT;31/10/2023;3T 2023;8426297;1558865;0;0;1558865
84;001-0179769-Q;LEBONGO PRESTATIONS;ENCAISSEMENT DES COTISATIONS;VIREMENT;31/10/2023;3T 2023;8386638;1551528;0;0;1551528
85;018-0218956-J;HORIZON COM NOUVEAU ;ENCAISSEMENT DES COTISATIONS;ESPECES;04/11/2023;3T 2023;890135;164675;0;0;164675
86;009-0200875-Y;HOTEL ETOILE DU NORD;ENCAISSEMENT DES COTISATIONS;ESPECES;04/11/2023;3T 2023;875135;161900;0;0;161900
87;009-0196563-C;NOUVELLE VISION;ENCAISSEMENT DES COTISATIONS + PENALITES;ESPECES;04/11/2023;3T 2023;875135;161900;888;6660;169448
88;009-0205683-W;FABICO BOUCHERIE ;ENCAISSEMENT DES COTISATIONS + PENALITES;ESPECES;04/11/2023;3T 2023;875135;161900;888;6660;169448
89;001-0188311-S;PROSPER SARL ;ENCAISSEMENT DES COTISATIONS;ESPECES;04/11/2023;3T 2023;81391924;15057506;0;0;15057506
90;009-0196637-Y;SUPERETTE WOLEU BA ;ENCAISSEMENT DES COTISATIONS + PENALITES;ESPECES;05/11/2023;3T 2023;1115135;206300;1776;0;208076
91;009-0195109-E;ETS SOUABO;ENCAISSEMENT DES COTISATIONS + PENALITES;ESPECES;05/11/2023;3T 2023;875135;161900;888;0;162788
92;009-0204939-G;EPICERIE BOLY;ENCAISSEMENT DES COTISATIONS + PENALITES;ESPECES;05/11/2023;3T 2023;875135;161900;888;0;162788
93;009-0195290-D;SUPERETTE BA ;ENCAISSEMENT DES COTISATIONS + PENALITES;ESPECES;05/11/2023;3T 2023;875135;161900;888;0;162788
94;090-1404412-S;ETOILE DU NORD 2;ENCAISSEMENT DES COTISATIONS + PENALITES;ESPECES;05/11/2023;3T 2023;875135;161900;888;0;162788
95;009-0211557-U;SUPERETTE LE GRENIER ;ENCAISSEMENT DES COTISATIONS + PENALITES;ESPECES;05/11/2023;3T 2023;875135;161900;888;0;162788
96;090-1402769-D;SUPERETTE AKIBA MARKET;ENCAISSEMENT DES COTISATIONS + PENALITES;ESPECES;05/11/2023;3T 2023;1925135;356150;4773;0;360923
97;090-1402769-D;SUPERETTE AKIBA MARKET;ENCAISSEMENT DES COTISATIONS + PENALITES;ESPECES;05/11/2023;3T 2023;1115135;206300;1776;0;208076
98;009-0205685-Y;EST AMADOUYE SANS RIVAL;ENCAISSEMENT DES COTISATIONS + PENALITES;ESPECES;05/11/2023;3T 2023;1115135;206300;1776;0;208076
99;009-0197430-L;SUPERETTE DJAMBO;ENCAISSEMENT DES COTISATIONS + PENALITES;ESPECES;05/11/2023;3T 2023;875135;161900;888;0;162788
100;001-0172572-D;COLLEGE CATHOLIQUE D'ANGONE;ENCAISSEMENT DES COTISATIONS;ESPECES;05/11/2023;3T 2023;2315135;428300;0;0;428300
101;001-0170837-E;PUITS D'AMOUR ;ENCAISSEMENT DES COTISATIONS;ESPECES;05/11/2023;3T 2023;1775135;328400;0;0;328400
102;001-0179642-L;SPA MULTI SERVICES;ENCAISSEMENT DES COTISATIONS + PENALITES;ESPECES;06/11/2023;2T 2023;935135;173000;4440;9990;187430
103;001-0179642-L;SPA MULTI SERVICES;ENCAISSEMENT DES COTISATIONS + PENALITES;ESPECES;06/11/2023;3T 2023;935135;173000;1110;8325;182435
104;090-1403034-R;M.T.J;ENCAISSEMENT DES COTISATIONS + PENALITES;ESPECES;06/11/2023;3T 2023;1085135;200750;1665;12487;214902
105;009-0209198-B;SUPERETTE NOVA MARKET;ENCAISSEMENT DES COTISATIONS + PENALITES;ESPECES;07/11/2023;3T 2023;875135;161900;888;0;162788
106;009-0195624-Z;CABINET MEDICAL LE WOLEU;ENCAISSEMENT DES COTISATIONS + PENALITES;ESPECES;07/11/2023;3T 2023;875135;161900;888;6660;169448
107;001-0179112-N;SOCIETE GABONAISE LIVRE PLUS ;ENCAISSEMENT DES COTISATIONS + PENALITES;ESPECES;13/11/2023;3T 2023;1161638;214903;0;0;214903
108;009-0188653-W;HOTEL MARGUERITE;ENCAISSEMENT ESD 3e TRAITE;ESPECES;18/11/2023;3T 2023;2165676;400650;0;0;400650
109;001-0176355-E;ENTREPRISE DES SERVICES ET DES TRAVAUX BTP;ENCAISSEMENT MORATOIRE 1ere TRAITE;ESPECES;18/11/2023;3T 2023;1168486;216170;0;0;216170
110;001-0176355-E;ENTREPRISE DES SERVICES ET DES TRAVAUX BTP;ENCAISSEMENT DES COTISATIONS + PENALITES;ESPECES;18/11/2023;3T 2023;941135;174110;0;0;174110
111;090-1406147-Q;S.O.S ELECTRICITE FROID ET CLIMATISATION;ENCAISSEMENT DES COTISATIONS + PENALITES;ESPECES;19/11/2023;3T 2023;875135;161900;600;0;162500
112;009-1401302-B;PHARMACIE MATHIS ;ENCAISSEMENT DES COTISATIONS;ESPECES;20/11/2023;3T 2023;3373703;624135;0;0;624135
113;009-1401302-B;PHARMACIE MATHIS ;ENCAISSEMENT DES COTISATIONS;ESPECES;20/11/2023;3T 2023;875135;161900;0;0;161900
114;001-0188311-S;PROSPER SARL ADDITIVE;ENCAISSEMENT DES COTISATIONS + PENALITES;ESPECES;21/11/2023;3T 2023;11720070;2168213;41014;307607;2516834
115;090-1404139-M;MOTEL LE MITZ;ENCAISSEMENT DES COTISATIONS;ESPECES;21/11/2023;3T 2023;2045135;378350;0;0;378350
116;009-0212681-A;MENUISERIE MICHEL ET FILS ;ENCAISSEMENT DES COTISATIONS + PENALITES;ESPECES;22/11/2023;3T 2023;875135;161900;888;6660;169448
117;009-0211306-D;DEPOT PHARMACEUTIQUE SANTE POUR TOUS;ENCAISSEMENT DES COTISATIONS PRINCIPAL;ESPECES;25/11/2023;3T 2023;1175135;217400;0;0;217400
118;001-0170218-T;SOCIETE MEUNIERE AVICOLE DU GABON;ENCAISSEMENT DES COTISATIONS + PENALITES;ESPECES;26/11/2023;3T 2023;1115135;206300;1776;13320;221396
119;001-0175759-A;CHINA FIRST HIGHWAY ENGINEERING COMPANY GABON ;ENCAISSEMENT DES COTISATIONS + PENALITES;CHEQUES;28/11/2023;3T 2023;13988530;2587878;49408;370557;3007843
120;009-0205604-V;ALIMENTATION JEMAL;ENCAISSEMENT DES COTISATIONS PRINCIPAL;ESPECES;29/11/2023;2T 2023;875135;161900;0;0;161900
121;009-0205604-V;ALIMENTATION JEMAL;ENCAISSEMENT DES COTISATIONS + PENALITES;ESPECES;29/11/2023;3T 2023;875135;161900;888;6660;169448
122;001-0170222-N;COMPLEXE MARMOTS;ENCAISSEMENT AVANCE SUR PRINCIPAL ;ESPECES;29/11/2023;2T 2023;3337838;617500;0;0;617500
123;001-0170822-Q;ENTREPOT SAFARI;ENCAISSEMENT OAC 39e TRAITE;TRAITE;29/11/2023;3T 2023;1175676;217500;0;0;217500
124;009-0204158-F;ETABLISSEMENT HABZ;ENCAISSEMENT DES COTISATIONS + PENALITES;ESPECES;09/12/2023;3T 2023;875135;161900;1776;6660;170336
125;009-0205712-Z;ALIMENTATION FATOU MALEM;ENCAISSEMENT DES COTISATIONS + PENALITES;ESPECES;13/12/2023;3T 2023;875135;161900;1776;6660;170336
126;001-0179482-H;SOCIETE NKOU FILS ;ENCAISSEMENT DES COTISATIONS + PENALITES;ESPECES;16/12/2023;3T 2023;1175135;217400;3996;0;221396
127;090-1403032-V;SUPERETTE TRAORE BONS PRIX;ENCAISSEMENT DES COTISATIONS + PENALITES;ESPECES;23/12/2023;3T 2023;875135;161900;1776;6660;170336
128;090-1400812-X;CABINET MEDICAL MONGYADZA;ENCAISSEMENT DES COTISATIONS + PENALITES;ESPECES;26/12/2023;3T 2023;1595135;295100;0;7104;302204
129;009-0197887-A;NABADJI DISTRIBUTION;ENCAISSEMENT DES COTISATIONS;ESPECES;03/01/2025;4T 2023;2715822;502427;0;0;502427
130;009-0211654-N;MERCERIE DU WOLEU;ENCAISSEMENT DES COTISATIONS;ESPECES;06/01/2025;4T 2023;875135;161900;0;0;161900
131;009-0201218-D;OKANO SAT;ENCAISSEMENT DES COTISATIONS;ESPECES;06/01/2025;4T 2023;935135;173000;0;0;173000
132;009-0205604-V;ALIMENTATION JEMAL;ENCAISSEMENT DES COTISATIONS;ESPECES;06/01/2025;4T 2023;918335;169892;0;0;169892
133;009-0205604-V;ALIMENTATION JEMAL;ENCAISSEMENT DES COTISATIONS;ESPECES;07/01/2025;4T 2023;875135;161900;0;0;161900
134;009-0205604-V;ALIMENTATION JEMAL;ENCAISSEMENT DES COTISATIONS;ESPECES;07/01/2025;1T 2023;918335;169892;0;0;169892
135;009-0212682-B;ETABLISSEMENT LE SHARE;ENCAISSEMENT DES COTISATIONS;ESPECES;07/01/2025;4T 2023;875135;161900;0;0;161900
136;009-0205600-R;DEPOT DE CIMENT DU CENTRE;ENCAISSEMENT DES COTISATIONS;ESPECES;07/01/2025;4T 2023;875135;161900;0;0;161900
137;001-0170237-C;MOHAMED AHAMAT;ENCAISSEMENT DES COTISATIONS;ESPECES;07/01/2025;3T 2023;875135;161900;7993;2663;172556
138;001-0170237-C;MOHAMED AHAMAT;ENCAISSEMENT DES COTISATIONS;ESPECES;07/01/2025;4T 2023;875135;161900;0;0;161900
139;001-0170237-C;MOHAMED AHAMAT;ENCAISSEMENT DES COTISATIONS +PENALITES;ESPECES;07/01/2025;2T 2023;875135;161900;9323;5323;176546
140;009-0195624-Z;CABINET MEDICAL LE WOLEU;ENCAISSEMENT DES COTISATIONS;ESPECES;07/01/2025;4T 2023;875135;161900;0;0;161900
141;001-0179112-N;SOCIETE GABONAISE LIVRE PLUS;ENCAISSEMENT DES COTISATIONS;ESPECES;08/01/2025;4T 2023;1085135;200750;0;0;200750
142;009-0205604-V;ALIMENTATION JEMAL;SOLDE SUR PENALITES COT 2T 2024;ESPECES;08/01/2025;2T 2023;3336985;617343;0;13764;631107
143;001-0170883-K;SOGA LIVRE PLUS OYEM;ENCAISSEMENT DES COTISATIONS;ESPECES;09/01/2025;4T 2023;1115135;206300;0;0;206300
144;009-0204641-U;FOMA CONSTRUCTION;ENCAISSEMENT DES COTISATIONS;ESPECES;09/01/2025;4T 2023;875135;161900;0;0;161900
145;090-1406328-Z;IDRISS TRANSPORT;ENCAISSEMENT DES COTISATIONS;ESPECES;09/01/2025;4T 2023;1085135;200750;0;0;200750
146;009-0190307-M;COMPLEXE SCOLAIRE KEBONOU;ENCAISSEMENT DES COTISATIONS;ESPECES;09/01/2025;4T 2023;1355135;250700;0;0;250700
147;009-0190752-P;ESCALE WOLEU-NTEM;ENCAISSEMENT DES COTISATIONS;ESPECES;10/01/2025;4T 2023;1835135;339500;0;0;339500
148;009-0186051-U;HORIZON OPTIQUE OYEM;ENCAISSEMENT DES COTISATIONS;ESPECES;13/01/2025;4T 2023;1160135;214625;0;0;214625
149;009-0186051-U;HORIZON OPTIQUE OYEM;ENCAISSEMENT COTISATION 3T 2024+ AVANCE SUR PEN;ESPECES;13/01/2025;3T 2023;1160135;214625;0;5750;220375
150;009-0204645-Y;AUBERGE LE RETOUR;ENCAISSEMENT DES COTISATIONS;ESPECES;13/01/2025;4T 2023;875135;161900;0;0;161900
151;009-0204645-Y;AUBERGE LE RETOUR;ENCAISSEMENT COT 3T 2023 +PEN;ESPECES;13/01/2025;3T 2023;875135;161900;0;13320;175220
152;009-0204942-J;BOULANGERIE PATISSERIE ABOU HANA;ENCAISSEMENT DES COTISATIONS;ESPECES;14/01/2025;4T 2023;1355135;250700;0;0;250700
153;090-1403537-S;LORISSIA BETTI BASSISSOUAGA;ENCAISSEMENT DES COTISATIONS;ESPECES;14/01/2025;4T 2023;670270;124000;0;0;124000
154;009-0196584-X;COLLEGE DOMINIQUE SAVIO;ENCAISSEMENT DES COTISATIONS;ESPECES;14/01/2025;4T 2023;1385135;256250;0;0;256250
155;009-0212536-L;MANOLEIYA CHEZ  HORTY;ENCAISSEMENT DES COTISATIONS;ESPECES;14/01/2025;4T 2023;875135;161900;0;0;161900
156;001-0179192-R;HUA PENG BOIS;ENCAISSEMENT DES COTISATIONS;ESPECES;14/01/2025;4T 2023;9495135;1756600;0;0;1756600
157;014-0207504-X;JIN HE MINING;ENCAISSEMENT DES COTISATIONS;ESPECES;14/01/2025;4T 2023;7869649;1455885;0;0;1455885
158;001-1406000-A;BASSA SERVICE;ENCAISSEMENT DES COTISATIONS;ESPECES;16/01/2025;4T 2023;932973;172600;0;0;172600
159;001-0176704-E;PRESTI DELICE;ENCAISSEMENT DES COTISATIONS;ESPECES;16/01/2025;4T 2023;1115135;206300;0;0;206300
160;001-0178706-R;STATION SERVICE OIL LIBYA MITZIC;ENCAISSEMENT DES COTISATIONS;ESPECES;16/01/2025;4T 2023;2525135;467150;0;0;467150
161;001-0178141-Z;STATION SERVICE OLA ENERGIE OYEM;ENCAISSEMENT DES COTISATIONS;ESPECES;16/01/2025;4T 2023;3155135;583700;0;0;583700
162;001-0026108-H;TALLONE SåUR VILMO;ENCAISSEMENT DES COTISATIONS;ESPECES;16/01/2025;4T 2023;670270;124000;0;0;124000
163;001-0173649-R;SåURS SALESIENNES DE DON BOSCO;ENCAISSEMENT DES COTISATIONS;ESPECES;16/01/2025;4T 2023;1798389;332702;0;0;332702
164;001-0170222-N;COMPLEXE SCOLAIRE LES MARMOTS;ENCAISSEMENT  AVANCE SUR COTISATION 4T 2024;ESPECES;17/01/2025;4T 2023;2256757;417500;0;0;417500
165;009-0186051-U;HORIZON OPTIQUE OYEM;ENCAISSEMENT PRINCIPAL 1T 2024+AVANCE SUR PEN;ESPECES;17/01/2025;1T 2023;1160135;214625;2875;0;217500
166;014-0206812-H;LE PERCEPTEUR;ENCAISSEMENT DES COTISATIONS;ESPECES;20/01/2025;4T 2023;1355135;250700;0;0;250700
167;001-0179617-L;HOTEL NGUE;ENCAISSEMENT DES COTISATIONS;ESPECES;20/01/2025;4T 2023;1085135;200750;0;0;200750
168;009-0189342-J;DEPOT PHARMACEUTIQUE CRAM;ENCAISSEMENT DES COTISATIONS;ESPECES;21/01/2025;4T 2023;2030135;375575;0;0;375575
169;001-0023594-P;BEAC OYEM;ENCAISSEMENT DES COTISATIONS;VIREMENT;21/01/2025;4T 2023;86325611;15970238;0;0;15970238
170;001-0170259-T;DEPOT PHARMACEUTIQUE ADA;ENCAISSEMENT DES COTISATIONS;CHEQUES;21/01/2025;4T 2023;7679216;1420655;0;0;1420655
171;001-0179618-X;HOTEL ADA EYA DE MITZIC;ENCAISSEMENT DES COTISATIONS;CHEQUES;21/01/2025;4T 2023;1780135;329325;0;0;329325
172;099-5273465-L;BollorÈ Transport & Logistics Gabon;ENCAISSEMENT DES COTISATIONS;ESPECES;15/10/2023;3T 2023;1389908;257133;4491;507;262131
173;099-7257287-R;SETRAG;ENCAISSEMENT DES COTISATIONS;ESPECES;15/10/2023;3T 2023;1209341;223728;4551;4566;232845
174;099-7073818-D;Compagnie MiniËre de líOgoouÈ;ENCAISSEMENT DES COTISATIONS;TRAITE;15/10/2023;3T 2023;907243;167840;226;1402;169468
175;099-6091349-L;HÙpital de Libreville;ENCAISSEMENT DES COTISATIONS;TRAITE;15/10/2023;3T 2023;1196330;221321;3373;3535;228229
176;099-5201742-Q;Gabon TÈlÈcom;ENCAISSEMENT DES COTISATIONS;TRAITE;15/10/2023;3T 2023;939032;173721;3583;3255;180559
177;099-7306415-Y;Air Gabon;ENCAISSEMENT DES COTISATIONS;ESPECES;15/10/2023;3T 2023;1413908;261573;2495;5529;269597
178;099-1402045-Y;Station PetroGabon;ENCAISSEMENT DES COTISATIONS;ESPECES;15/10/2023;3T 2023;1068930;197752;3793;4356;205901
179;099-5392631-R;Compagnie MiniËre de líOgoouÈ;ENCAISSEMENT DES COTISATIONS;ESPECES;15/10/2023;3T 2023;1016957;188137;1178;2004;191319
180;099-4193989-R;Station PetroGabon;ENCAISSEMENT DES COTISATIONS;ESPECES;15/10/2023;3T 2023;1263859;233814;3601;2357;239772
181;099-2873594-L;SOCOBA;ENCAISSEMENT DES COTISATIONS;ESPECES;15/10/2023;3T 2023;1400492;259091;2193;2079;263363
182;099-9635024-L;Station PetroGabon;ENCAISSEMENT DES COTISATIONS;ESPECES;15/10/2023;3T 2023;955108;176695;802;7853;185350
183;099-3262468-R;UBA Gabon;ENCAISSEMENT DES COTISATIONS;ESPECES;15/10/2023;3T 2023;1399816;258966;4695;3981;267642
184;099-3088995-Y;SociÈtÈ des Boissons du Gabon;ENCAISSEMENT DES COTISATIONS;ESPECES;15/10/2023;3T 2023;909049;168174;1991;2460;172625
185;099-1362258-Q;CECAG;ENCAISSEMENT DES COTISATIONS;TRAITE;15/10/2023;3T 2023;1100011;203502;4931;6214;214647
186;099-8519242-D;BollorÈ Transport & Logistics Gabon;ENCAISSEMENT DES COTISATIONS;ESPECES;15/10/2023;3T 2023;1154805;213639;1685;3367;218691
187;099-4486838-Q;Gabon TÈlÈcom;ENCAISSEMENT DES COTISATIONS;ESPECES;15/10/2023;3T 2023;1057216;195585;2548;2973;201106
188;099-6083418-Y;Air Gabon;ENCAISSEMENT DES COTISATIONS;TRAITE;15/10/2023;3T 2023;1039049;192224;1883;114;194221
189;099-7410207-R;Gabon Business Services;ENCAISSEMENT DES COTISATIONS;ESPECES;15/10/2023;3T 2023;1078486;199520;2780;5449;207749
190;099-4449621-R;Econet Wireless Gabon;ENCAISSEMENT DES COTISATIONS;TRAITE;15/10/2023;3T 2023;1042832;192924;3995;5484;202403
191;099-6894507-Q;Gabon Business Services;ENCAISSEMENT DES COTISATIONS;ESPECES;15/10/2023;3T 2023;928714;171812;1745;1087;174644
192;099-4443489-D;Clinique El-Rapha;ENCAISSEMENT DES COTISATIONS;TRAITE;15/10/2023;3T 2023;1433281;265157;499;2513;268169
193;099-3735028-R;SETRAG;ENCAISSEMENT DES COTISATIONS;TRAITE;15/10/2023;3T 2023;1365254;252572;4208;2378;259158
194;099-6436001-Q;Gabon Business Services;ENCAISSEMENT DES COTISATIONS;ESPECES;15/10/2023;3T 2023;1084611;200653;3969;3938;208560
195;099-3657425-R;BollorÈ Transport & Logistics Gabon;ENCAISSEMENT DES COTISATIONS;TRAITE;15/10/2023;3T 2023;1231151;227763;1589;6737;236089
196;099-4604843-D;Station PetroGabon;ENCAISSEMENT DES COTISATIONS;TRAITE;15/10/2023;3T 2023;1325303;245181;2999;1661;249841
197;099-5924544-Q;Gabon TÈlÈcom;ENCAISSEMENT DES COTISATIONS;TRAITE;15/10/2023;3T 2023;921914;170554;1926;1388;173868
198;099-3160023-Y;Air Gabon;ENCAISSEMENT DES COTISATIONS;TRAITE;15/10/2023;3T 2023;936811;173310;4997;4978;183285
199;099-9730056-L;Gabon Shipping Lines;ENCAISSEMENT DES COTISATIONS;TRAITE;15/10/2023;3T 2023;1255638;232293;2369;7746;242408
200;099-5092956-D;SETRAG;ENCAISSEMENT DES COTISATIONS;ESPECES;15/10/2023;3T 2023;1225616;226739;4286;1302;232327
201;099-4810762-D;Gabon TÈlÈcom;ENCAISSEMENT DES COTISATIONS;ESPECES;15/10/2023;3T 2023;1129665;208988;430;6497;215915
202;099-3189970-D;CECAG;ENCAISSEMENT DES COTISATIONS;ESPECES;15/10/2023;3T 2023;1349622;249680;1772;1487;252939
203;099-6108403-D;Gabon Shipping Lines;ENCAISSEMENT DES COTISATIONS;ESPECES;15/10/2023;3T 2023;1325827;245278;1365;3117;249760
204;099-2198770-D;SETRAG;ENCAISSEMENT DES COTISATIONS;ESPECES;15/10/2023;3T 2023;1294643;239509;417;3046;242972
205;099-8440974-D;BollorÈ Transport & Logistics Gabon;ENCAISSEMENT DES COTISATIONS;ESPECES;15/10/2023;3T 2023;1405259;259973;1873;7508;269354
206;099-8396017-Y;Air Gabon;ENCAISSEMENT DES COTISATIONS;ESPECES;15/10/2023;3T 2023;906573;167716;4285;2101;174102
207;099-5192307-R;Econet Wireless Gabon;ENCAISSEMENT DES COTISATIONS;ESPECES;15/10/2023;3T 2023;1253573;231911;4978;5927;242816
208;099-2405790-L;Gabon TÈlÈcom;ENCAISSEMENT DES COTISATIONS;ESPECES;15/10/2023;3T 2023;1049919;194235;4192;2547;200974
209;099-3646501-Q;Gabon Business Services;ENCAISSEMENT DES COTISATIONS;TRAITE;15/10/2023;3T 2023;1430216;264590;1792;402;266784
210;099-7147472-L;Compagnie MiniËre de líOgoouÈ;ENCAISSEMENT DES COTISATIONS;ESPECES;15/10/2023;3T 2023;1269849;234922;4824;1008;240754
211;099-1793884-Y;Compagnie MiniËre de líOgoouÈ;ENCAISSEMENT DES COTISATIONS;ESPECES;15/10/2023;3T 2023;1343968;248634;2680;2215;253529
212;099-3161388-Y;SETRAG;ENCAISSEMENT DES COTISATIONS;ESPECES;15/10/2023;3T 2023;1432795;265067;4576;2651;272294
213;099-8311656-D;Compagnie MiniËre de líOgoouÈ;ENCAISSEMENT DES COTISATIONS;ESPECES;15/10/2023;3T 2023;1202189;222405;4345;582;227332
214;099-4478993-Y;UBA Gabon;ENCAISSEMENT DES COTISATIONS;ESPECES;15/10/2023;3T 2023;946524;175107;1534;4796;181437
215;099-6322464-R;TransíUrb;ENCAISSEMENT DES COTISATIONS;ESPECES;15/10/2023;3T 2023;1199595;221925;390;7918;230233
216;099-9942596-R;Clinique du Littoral;ENCAISSEMENT DES COTISATIONS;ESPECES;15/10/2023;3T 2023;1384946;256215;4550;2585;263350
217;099-8516070-R;Gabon TÈlÈcom;ENCAISSEMENT DES COTISATIONS;TRAITE;15/10/2023;3T 2023;968681;179206;965;6666;186837
218;099-8301353-Y;Clinique El-Rapha;ENCAISSEMENT DES COTISATIONS;ESPECES;15/10/2023;3T 2023;1235178;228508;646;3371;232525
219;099-8057792-D;CECAG;ENCAISSEMENT DES COTISATIONS;TRAITE;15/10/2023;3T 2023;1111708;205666;4926;1702;212294
220;099-1625868-Q;Gabon Shipping Lines;ENCAISSEMENT DES COTISATIONS;TRAITE;15/10/2023;3T 2023;1027816;190146;4154;7965;202265
221;099-6923099-Y;Gabon Industries;ENCAISSEMENT DES COTISATIONS;ESPECES;15/10/2023;3T 2023;1445038;267332;1356;7418;276106
222;099-8090437-Q;Gabon Royal Services;ENCAISSEMENT DES COTISATIONS;ESPECES;15/10/2023;3T 2023;984838;182195;4355;5563;192113
223;099-7679936-L;Gabon Business Location;ENCAISSEMENT DES COTISATIONS;ESPECES;15/10/2023;3T 2023;1096027;202765;3153;5818;211736
224;099-8390769-Q;Bet 241;ENCAISSEMENT DES COTISATIONS;TRAITE;15/10/2023;3T 2023;1305054;241435;4611;5516;251562
225;099-3493482-L;AGASSA;ENCAISSEMENT DES COTISATIONS;ESPECES;15/10/2023;3T 2023;1141005;211086;3032;7798;221916
226;099-7140100-R;CNNI;ENCAISSEMENT DES COTISATIONS;TRAITE;15/10/2023;3T 2023;1322465;244656;987;5487;251130
227;099-3329671-D;SociÈtÈ Gabonaise de Navigation;ENCAISSEMENT DES COTISATIONS;TRAITE;15/10/2023;3T 2023;1353778;250449;2518;432;253399
228;099-9359313-L;CIMENTERIE du Gabon;ENCAISSEMENT DES COTISATIONS;ESPECES;15/10/2023;3T 2023;1292000;239020;670;6413;246103
229;099-4293292-D;SOBRAGA;ENCAISSEMENT DES COTISATIONS;ESPECES;15/10/2023;3T 2023;1197741;221582;1607;3395;226584
230;099-4267803-Y;Fly Gabon;ENCAISSEMENT DES COTISATIONS;TRAITE;15/10/2023;3T 2023;1094081;202405;2289;4688;209382
231;099-7135536-L;SOGAM Equipe;ENCAISSEMENT DES COTISATIONS;ESPECES;15/10/2023;3T 2023;1279870;236776;3604;3486;243866
232;099-1142258-D;SOGEC;ENCAISSEMENT DES COTISATIONS;ESPECES;15/10/2023;3T 2023;1437957;266022;3741;1254;271017
233;099-5189440-Q;Gabon Wood Industries;ENCAISSEMENT DES COTISATIONS;TRAITE;15/10/2023;3T 2023;1260319;233159;4795;7102;245056
234;099-1178792-R;Gabon Business Services;ENCAISSEMENT DES COTISATIONS;TRAITE;15/10/2023;3T 2023;974768;180332;3801;5433;189566
235;099-2591449-Y;UBA Gabon;ENCAISSEMENT DES COTISATIONS;ESPECES;15/10/2023;3T 2023;1214222;224631;137;4964;229732
236;099-7795366-L;CIMAF GABON;ENCAISSEMENT DES COTISATIONS;TRAITE;15/10/2023;3T 2023;1107973;204975;3528;1245;209748
237;099-5446403-Q;Consulting GABON;ENCAISSEMENT DES COTISATIONS;ESPECES;15/10/2023;3T 2023;1052865;194780;3524;4509;202813
238;099-5306151-D;Trans'GA;ENCAISSEMENT DES COTISATIONS;TRAITE;15/10/2023;3T 2023;1385659;256347;216;4228;260791
239;099-6369929-Y;SETRAG;ENCAISSEMENT DES COTISATIONS;TRAITE;15/10/2023;3T 2023;1026930;189982;474;5376;195832
240;099-8856735-D;OLAM GABON;ENCAISSEMENT DES COTISATIONS;ESPECES;15/10/2023;3T 2023;1327303;245551;2730;4311;252592
241;099-2378334-Y;Station PetroGabon;ENCAISSEMENT DES COTISATIONS;ESPECES;15/10/2023;3T 2023;909173;168197;2492;1342;172031
242;099-5946489-D;Mercerie du Gabon;ENCAISSEMENT DES COTISATIONS;TRAITE;15/10/2023;3T 2023;1229405;227440;2056;127;229623
243;099-9191442-Q;Air Gabon;ENCAISSEMENT DES COTISATIONS;TRAITE;15/10/2023;3T 2023;1025859;189784;1261;195;191240
244;099-6292861-D;CECAG;ENCAISSEMENT DES COTISATIONS;ESPECES;15/10/2023;3T 2023;1275308;235932;4645;1781;242358
245;099-5858560-Y;SNBG;ENCAISSEMENT DES COTISATIONS;ESPECES;15/10/2023;3T 2023;1123962;207933;424;1306;209663
246;099-4586319-L;SociÈtÈ Gabonaise de Brasserie;ENCAISSEMENT DES COTISATIONS;TRAITE;15/10/2023;3T 2023;1375254;254422;2718;7498;264638
247;099-3209403-L;BollorÈ Transport & Logistics Gabon;ENCAISSEMENT DES COTISATIONS;ESPECES;15/10/2023;3T 2023;1354897;250656;3293;1720;255669
248;099-2520784-Y;Econet Wireless Gabon;ENCAISSEMENT DES COTISATIONS;TRAITE;15/10/2023;3T 2023;1185395;219298;3785;2759;225842
249;099-8376810-D;SEEG;ENCAISSEMENT DES COTISATIONS;ESPECES;15/10/2023;3T 2023;1383643;255974;1191;6376;263541
250;099-2675373-D;SOGEA GABON;ENCAISSEMENT DES COTISATIONS;ESPECES;15/10/2023;3T 2023;1073643;198624;4465;3996;207085
251;099-6782727-L;SociÈtÈ des Boissons du Gabon;ENCAISSEMENT DES COTISATIONS;TRAITE;15/10/2023;3T 2023;1250778;231394;608;1560;233562
252;099-5926667-Q;SODICO;ENCAISSEMENT DES COTISATIONS;TRAITE;15/10/2023;3T 2023;928422;171758;1262;266;173286
253;099-2432526-Q;SociÈtÈ Gabonaise de Transit;ENCAISSEMENT DES COTISATIONS;TRAITE;15/10/2023;3T 2023;1240135;229425;404;2442;232271
254;099-2122542-Q;Minoterie du Gabon;ENCAISSEMENT DES COTISATIONS;TRAITE;15/10/2023;3T 2023;918497;169922;1570;6223;177715
255;099-8862444-L;Compagnie MiniËre de Libreville;ENCAISSEMENT DES COTISATIONS;ESPECES;15/10/2023;3T 2023;1382032;255676;3508;116;259300
256;099-7187127-Y;Gabon Business Services;ENCAISSEMENT DES COTISATIONS;TRAITE;15/10/2023;3T 2023;1112546;205821;1391;285;207497
257;099-2397853-Q;Gabon Store;ENCAISSEMENT DES COTISATIONS;TRAITE;15/10/2023;3T 2023;1358162;251260;3087;5320;259667
258;099-4571042-Q;HÙpital de Owendo;ENCAISSEMENT DES COTISATIONS;TRAITE;15/10/2023;3T 2023;976746;180698;3483;5138;189319
259;099-6028757-Y;SOGATOL;ENCAISSEMENT DES COTISATIONS;TRAITE;15/10/2023;3T 2023;1268649;234700;4429;6396;245525
260;099-5778143-D;Airtel Gabon;ENCAISSEMENT DES COTISATIONS;ESPECES;15/10/2023;3T 2023;1045832;193479;4284;2507;200270
261;099-8862976-Y;SGS;ENCAISSEMENT DES COTISATIONS;TRAITE;15/10/2023;3T 2023;1313243;242950;3188;7618;253756
262;099-2779565-Y;SociÈtÈ Gabonaise de Transport;ENCAISSEMENT DES COTISATIONS;ESPECES;15/10/2023;3T 2023;1154622;213605;4111;4233;221949
263;099-4038846-D;Gabon MECA;ENCAISSEMENT DES COTISATIONS;TRAITE;15/10/2023;3T 2023;1270216;234990;133;5296;240419
264;099-2819242-D;HÙpital de Libreville;ENCAISSEMENT DES COTISATIONS;ESPECES;15/10/2023;3T 2023;1382189;255705;1747;2608;260060
265;099-7291305-R;Compagnie MiniËre de líOgoouÈ;ENCAISSEMENT DES COTISATIONS;TRAITE;15/10/2023;3T 2023;1373632;254122;671;468;255261
266;099-7688434-Y;Gabon TÈlÈcom;ENCAISSEMENT DES COTISATIONS;TRAITE;15/10/2023;3T 2023;909049;168174;2542;540;171256
267;099-5673180-L;SOCOBA;ENCAISSEMENT DES COTISATIONS;TRAITE;15/10/2023;3T 2023;986541;182510;1222;6042;189774
268;099-4717531-R;Gabon Wood Industries;ENCAISSEMENT DES COTISATIONS;ESPECES;15/10/2023;3T 2023;1244222;230181;1795;1670;233646
269;099-1486106-D;Gabon Shipping Lines;ENCAISSEMENT DES COTISATIONS;ESPECES;15/10/2023;3T 2023;1228865;227340;3407;3004;233751
270;099-3534750-D;Station PetroGabon;ENCAISSEMENT DES COTISATIONS;TRAITE;15/10/2023;3T 2023;1273059;235516;2968;5372;243856
271;099-6689209-L;TransíUrb;ENCAISSEMENT DES COTISATIONS;TRAITE;15/10/2023;3T 2023;1382108;255690;4482;1984;262156
